date,stock_code,open,high,low,close,volume
2025-09-22,000001,11.44,11.47,11.37,11.38,59640232.0
2025-09-23,000001,11.37,11.58,11.32,11.52,134143022.0
2025-09-24,000001,11.51,11.62,11.43,11.46,113958347.0
2025-09-25,000001,11.43,11.47,11.36,11.4,77327594.0
2025-09-26,000001,11.39,11.44,11.32,11.4,75323875.0
2025-09-29,000001,11.4,11.48,11.27,11.37,117601243.0
2025-09-30,000001,11.37,11.37,11.29,11.34,83247947.0
2025-10-09,000001,11.33,11.41,11.27,11.4,104746906.0
2025-10-10,000001,11.37,11.49,11.36,11.43,108794775.0
2025-10-13,000001,11.32,11.46,11.28,11.4,116880173.0
2025-10-14,000001,11.39,11.6,11.36,11.57,184342836.0
2025-10-15,000001,11.34,11.42,11.26,11.4,127106103.0
2025-10-16,000001,11.38,11.55,11.36,11.54,126193687.0
2025-10-17,000001,11.5,11.58,11.38,11.4,103966632.0
2025-10-20,000001,11.41,11.45,11.27,11.42,95264110.0
2025-10-21,000001,11.4,11.47,11.39,11.43,76116462.0
2025-10-22,000001,11.4,11.54,11.4,11.52,83370319.0
2025-10-23,000001,11.52,11.71,11.5,11.63,137311158.0
2025-10-24,000001,11.6,11.68,11.55,11.56,98047530.0
2025-10-27,000001,11.54,11.61,11.44,11.52,123948526.0
2025-10-28,000001,11.53,11.58,11.42,11.47,82156818.0
2025-10-29,000001,11.46,11.46,11.36,11.39,96621364.0
2025-10-30,000001,11.38,11.47,11.36,11.38,94377015.0
2025-10-31,000001,11.38,11.4,11.3,11.32,97019293.0
2025-11-03,000001,11.34,11.44,11.3,11.43,95232643.0
2025-11-04,000001,11.42,11.64,11.4,11.59,150300748.0
2025-11-05,000001,11.59,11.6,11.5,11.52,79492605.0
2025-11-06,000001,11.5,11.58,11.47,11.51,76658546.0
2025-11-07,000001,11.52,11.58,11.5,11.55,73485055.0
2025-11-10,000001,11.52,11.64,11.45,11.63,82720833.0
2025-11-11,000001,11.62,11.69,11.57,11.67,88650887.0
2025-11-12,000001,11.7,11.79,11.65,11.68,114132538.0
2025-11-13,000001,11.68,11.72,11.57,11.7,97899103.0
2025-11-14,000001,11.67,11.84,11.66,11.75,131699498.0
2025-11-17,000001,11.75,11.75,11.62,11.67,99523287.0
2025-11-18,000001,11.65,11.69,11.57,11.59,67007735.0
2025-11-19,000001,11.58,11.83,11.57,11.8,133499619.0
2025-11-20,000001,11.79,11.99,11.74,11.85,163703985.0
2025-11-21,000001,11.8,11.88,11.66,11.69,146535888.0
2025-11-24,000001,11.7,11.73,11.6,11.6,111711880.0
2025-11-25,000001,11.61,11.8,11.58,11.8,102808052.0
2025-11-26,000001,11.81,11.85,11.65,11.69,82130109.0
2025-11-27,000001,11.66,11.71,11.58,11.71,101184710.0
2025-11-28,000001,11.67,11.68,11.58,11.61,88435845.0
2025-12-01,000001,11.6,11.7,11.53,11.69,103732271.0
2025-12-02,000001,11.68,11.73,11.59,11.64,76805993.0
2025-12-03,000001,11.64,11.7,11.54,11.55,94460109.0
2025-12-04,000001,11.55,11.58,11.46,11.49,88608988.0
2025-12-05,000001,11.49,11.54,11.4,11.53,89076609.0
2025-12-08,000001,11.49,11.6,11.48,11.52,85589893.0
2025-12-09,000001,11.52,11.54,11.43,11.43,73395745.0
2025-12-10,000001,11.44,11.46,11.29,11.33,104406472.0
2025-12-11,000001,11.35,11.39,11.3,11.37,92526129.0
2025-12-12,000001,11.37,11.43,11.3,11.35,119189472.0
2025-12-15,000001,11.34,11.54,11.33,11.51,94083253.0
2025-12-16,000001,11.49,11.55,11.44,11.48,64735136.0
2025-12-17,000001,11.47,11.58,11.42,11.53,70149533.0
2025-12-18,000001,11.51,11.65,11.48,11.64,79046654.0
2025-12-19,000001,11.63,11.65,11.58,11.62,64988619.0
2025-12-22,000001,11.61,11.61,11.51,11.52,74236916.0
2025-12-23,000001,11.52,11.6,11.5,11.56,66626574.0
2025-12-24,000001,11.55,11.58,11.49,11.54,50524356.0
2025-12-25,000001,11.54,11.62,11.52,11.56,54745523.0
2025-12-26,000001,11.56,11.59,11.53,11.54,43633984.0
2025-12-29,000001,11.54,11.62,11.5,11.56,64829542.0
2025-12-30,000001,11.53,11.56,11.45,11.48,58258433.0
2025-12-31,000001,11.48,11.49,11.4,11.41,59062037.0
2026-01-05,000001,11.42,11.51,11.41,11.5,87549118.0
2026-01-06,000001,11.5,11.68,11.48,11.67,130464842.0
2026-01-07,000001,11.66,11.82,11.62,11.64,96623624.0
2026-01-08,000001,11.64,11.65,11.49,11.51,110008511.0
2026-01-09,000001,11.53,11.53,11.44,11.46,98339004.0
2026-01-12,000001,11.45,11.49,11.42,11.48,85521298.0
2026-01-13,000001,11.48,11.54,11.44,11.47,106154122.0
2026-01-14,000001,11.47,11.47,11.35,11.36,127475714.0
2026-01-15,000001,11.33,11.37,11.3,11.31,88495977.0
2026-01-16,000001,11.34,11.34,11.16,11.19,111947254.0
2026-01-19,000001,11.15,11.21,11.11,11.12,80474131.0
2026-01-20,000001,11.12,11.2,11.11,11.16,77227609.0
2026-01-21,000001,11.15,11.18,11.06,11.07,90012491.0
2026-01-22,000001,11.07,11.15,11.05,11.07,78863462.0
2026-01-23,000001,11.07,11.09,10.98,10.99,110999429.0
2026-01-26,000001,10.98,11.06,10.92,10.96,110624665.0
2026-01-27,000001,10.96,11.03,10.93,10.94,89409121.0
2026-01-28,000001,10.94,10.99,10.82,10.84,143876603.0
2026-01-29,000001,10.84,10.98,10.66,10.96,185299383.0
2026-01-30,000001,10.94,11.03,10.83,10.83,109175497.0
2026-02-02,000001,10.82,11.03,10.8,10.86,122317302.0
2026-02-03,000001,10.89,10.9,10.77,10.84,80662816.0
2026-02-04,000001,10.85,10.98,10.84,10.97,69541547.0
2026-02-05,000001,10.98,11.11,10.96,11.09,117759109.0
2026-02-06,000001,11.08,11.14,10.99,11.05,72770959.0
2026-02-09,000001,11.05,11.11,11.01,11.07,61971670.0
2026-02-10,000001,11.07,11.1,11.02,11.06,60042999.0
2026-02-11,000001,11.06,11.09,11.02,11.07,43104098.0
2026-02-12,000001,11.07,11.08,10.93,10.96,68134024.0
2026-02-13,000001,10.96,10.99,10.9,10.91,55504736.0
2026-02-24,000001,10.93,10.95,10.88,10.91,60251240.0
2026-02-25,000001,10.91,10.95,10.78,10.86,106313487.0
2026-02-26,000001,10.86,10.91,10.8,10.87,71273019.0
2026-02-27,000001,10.86,10.92,10.84,10.9,61222796.0
2026-03-02,000001,10.85,10.89,10.77,10.85,83887355.0
2026-03-03,000001,10.85,10.95,10.8,10.88,102869483.0
2026-03-04,000001,10.84,10.84,10.67,10.71,108971396.0
2026-03-05,000001,10.72,10.84,10.7,10.81,71264118.0
2026-03-06,000001,10.78,10.84,10.77,10.82,47657680.0
2026-03-09,000001,10.79,10.82,10.74,10.76,83589238.0
2026-03-10,000001,10.77,10.81,10.73,10.81,79011168.0
2026-03-11,000001,10.79,10.9,10.77,10.89,72053464.0
2026-03-12,000001,10.87,10.96,10.85,10.94,75490558.0
2026-03-13,000001,10.93,11.0,10.87,10.93,84193915.0
2026-03-16,000001,10.93,10.97,10.88,10.92,71560301.0
2026-03-17,000001,10.91,11.07,10.9,11.03,107665681.0
2026-03-18,000001,11.04,11.04,10.91,10.96,79107940.0
2026-03-19,000001,10.92,10.97,10.86,10.88,62421195.0
2026-03-20,000001,10.87,10.94,10.76,10.77,83408256.0
2026-03-23,000001,10.68,10.68,10.43,10.45,158008833.0
2026-03-24,000001,10.52,10.89,10.52,10.88,162225127.0
2026-03-25,000001,10.89,10.95,10.79,10.94,74477991.0
2026-03-26,000001,10.91,11.05,10.9,10.94,82766409.0
2025-09-22,000333,74.81,74.9,72.9,73.26,47973993.0
2025-09-23,000333,73.25,73.65,72.72,73.53,42147721.0
2025-09-24,000333,73.51,74.35,72.95,74.1,30628481.0
2025-09-25,000333,73.3,73.75,72.55,72.84,47860729.0
2025-09-26,000333,73.04,74.7,72.89,74.2,47698312.0
2025-09-29,000333,74.43,74.55,73.05,73.73,46593907.0
2025-09-30,000333,73.7,73.71,72.55,72.66,50610839.0
2025-10-09,000333,72.35,72.97,71.38,72.63,61593908.0
2025-10-10,000333,72.45,73.73,72.1,72.83,43330526.0
2025-10-13,000333,71.38,72.11,71.02,71.81,48160457.0
2025-10-14,000333,72.0,73.15,71.69,72.6,51909507.0
2025-10-15,000333,72.8,73.49,72.6,72.92,37633251.0
2025-10-16,000333,73.2,73.69,72.52,73.18,34678000.0
2025-10-17,000333,72.7,73.59,72.64,72.8,27649108.0
2025-10-20,000333,73.09,73.4,72.39,72.87,29755742.0
2025-10-21,000333,72.9,73.26,72.58,72.91,28394659.0
2025-10-22,000333,72.8,73.99,72.61,73.88,39329827.0
2025-10-23,000333,73.8,74.95,73.68,74.89,34763341.0
2025-10-24,000333,74.89,75.0,74.46,74.61,24483806.0
2025-10-27,000333,74.74,75.35,74.37,74.88,34055264.0
2025-10-28,000333,74.61,74.92,74.13,74.41,23365775.0
2025-10-29,000333,74.25,74.42,73.5,74.4,27358650.0
2025-10-30,000333,74.5,76.1,74.5,75.3,49965301.0
2025-10-31,000333,75.2,76.83,75.1,76.4,50974159.0
2025-11-03,000333,76.39,76.95,75.18,75.39,28196997.0
2025-11-04,000333,75.12,75.79,74.9,75.16,30260649.0
2025-11-05,000333,75.0,76.39,74.3,75.94,26615133.0
2025-11-06,000333,75.94,77.43,75.94,77.03,35511147.0
2025-11-07,000333,77.27,77.27,76.11,76.2,26441999.0
2025-11-10,000333,76.26,77.55,75.95,77.33,39100815.0
2025-11-11,000333,77.33,77.39,76.68,77.23,22770754.0
2025-11-12,000333,77.23,80.55,77.23,79.49,73784703.0
2025-11-13,000333,79.2,80.0,78.69,79.6,33337014.0
2025-11-14,000333,79.5,80.42,79.05,79.23,27312749.0
2025-11-17,000333,79.23,79.39,77.91,78.42,26109532.0
2025-11-18,000333,78.29,78.66,77.0,77.4,23590408.0
2025-11-19,000333,77.38,78.09,77.02,77.4,21441520.0
2025-11-20,000333,77.5,78.88,77.03,77.94,26192879.0
2025-11-21,000333,77.1,79.29,77.1,78.75,43949476.0
2025-11-24,000333,78.6,79.48,78.25,78.56,36773938.0
2025-11-25,000333,78.99,79.0,77.61,78.7,29101152.0
2025-11-26,000333,78.69,80.0,78.41,79.8,32072777.0
2025-11-27,000333,79.6,80.73,78.95,79.8,31646071.0
2025-11-28,000333,79.8,80.07,79.33,79.86,18126661.0
2025-12-01,000333,79.8,80.2,79.17,80.0,30352024.0
2025-12-02,000333,80.1,81.66,80.01,81.56,37804931.0
2025-12-03,000333,81.55,82.88,81.26,82.17,36866005.0
2025-12-04,000333,82.13,83.17,81.77,81.89,28917966.0
2025-12-05,000333,81.89,82.59,81.7,82.23,24616511.0
2025-12-08,000333,83.0,83.1,81.04,81.81,27336529.0
2025-12-09,000333,81.5,81.56,79.94,80.2,35647940.0
2025-12-10,000333,79.98,80.62,79.7,80.07,24571972.0
2025-12-11,000333,80.12,80.56,79.18,79.3,27294485.0
2025-12-12,000333,79.35,79.98,79.2,79.32,32895862.0
2025-12-15,000333,79.69,81.1,79.45,80.41,36554689.0
2025-12-16,000333,80.25,80.85,79.84,79.96,21423089.0
2025-12-17,000333,79.71,80.92,79.38,80.47,23028180.0
2025-12-18,000333,80.27,80.61,79.51,79.83,21409792.0
2025-12-19,000333,79.85,79.9,78.8,79.45,27801766.0
2025-12-22,000333,79.3,79.79,78.9,79.16,24503713.0
2025-12-23,000333,79.38,80.31,79.02,79.65,25468020.0
2025-12-24,000333,79.43,79.94,78.76,78.8,21704738.0
2025-12-25,000333,78.52,78.88,78.18,78.59,22675780.0
2025-12-26,000333,78.59,79.07,78.55,78.87,21410712.0
2025-12-29,000333,78.79,79.72,78.25,78.41,25697385.0
2025-12-30,000333,78.16,79.38,78.12,78.85,21362222.0
2025-12-31,000333,78.87,80.28,77.85,78.15,28775822.0
2026-01-05,000333,80.04,80.5,78.25,78.68,44294709.0
2026-01-06,000333,78.58,79.49,77.39,78.84,45452476.0
2026-01-07,000333,78.99,79.58,78.06,79.37,40196784.0
2026-01-08,000333,79.37,79.48,78.31,79.03,31253684.0
2026-01-09,000333,79.6,79.95,79.3,79.77,34108097.0
2026-01-12,000333,79.78,79.79,77.81,78.62,52501410.0
2026-01-13,000333,77.9,78.0,76.1,76.2,94571232.0
2026-01-14,000333,76.2,77.63,75.91,77.15,53968401.0
2026-01-15,000333,77.46,78.05,76.89,77.22,36031372.0
2026-01-16,000333,77.25,77.85,77.15,77.31,37186855.0
2026-01-19,000333,77.37,78.14,77.05,77.62,33637393.0
2026-01-20,000333,77.66,79.37,77.2,79.0,45535750.0
2026-01-21,000333,78.96,78.96,77.55,77.78,36808644.0
2026-01-22,000333,78.25,78.26,77.37,77.49,34404058.0
2026-01-23,000333,77.57,77.79,76.71,76.78,37370740.0
2026-01-26,000333,76.8,77.87,76.02,76.35,47313168.0
2026-01-27,000333,76.4,77.1,75.92,76.1,32580654.0
2026-01-28,000333,76.09,76.36,75.0,75.34,62893723.0
2026-01-29,000333,75.7,78.08,75.47,77.88,62244106.0
2026-01-30,000333,77.6,79.0,77.4,77.59,53250829.0
2026-02-02,000333,77.6,78.48,77.0,77.85,34591579.0
2026-02-03,000333,77.8,78.89,77.43,77.91,34503710.0
2026-02-04,000333,78.1,79.88,78.01,79.81,38910259.0
2026-02-05,000333,79.83,81.16,79.63,80.45,42919791.0
2026-02-06,000333,80.43,80.8,79.4,79.54,31256590.0
2026-02-09,000333,79.18,79.34,78.41,79.16,33466953.0
2026-02-10,000333,79.21,80.28,78.88,80.19,30618408.0
2026-02-11,000333,80.0,80.21,79.6,79.69,19806640.0
2026-02-12,000333,79.46,80.06,79.3,79.8,18878441.0
2026-02-13,000333,79.51,80.0,78.91,79.05,25510243.0
2026-02-24,000333,80.2,80.6,79.52,79.52,25251393.0
2026-02-25,000333,80.28,80.77,79.29,79.7,28552395.0
2026-02-26,000333,80.15,80.2,78.75,79.25,25327062.0
2026-02-27,000333,79.03,79.5,78.5,78.64,20160388.0
2026-03-02,000333,78.0,78.06,76.7,77.45,27478559.0
2026-03-03,000333,77.46,77.64,76.5,76.56,28800034.0
2026-03-04,000333,76.0,76.52,75.37,76.16,28493355.0
2026-03-05,000333,76.6,76.99,76.12,76.27,19687239.0
2026-03-06,000333,76.22,76.72,75.76,76.52,20662879.0
2026-03-09,000333,75.73,76.1,75.02,75.41,25947837.0
2026-03-10,000333,75.75,76.84,75.75,76.6,20908556.0
2026-03-11,000333,76.6,77.72,76.1,77.39,25135764.0
2026-03-12,000333,77.3,77.75,76.93,77.4,19330478.0
2026-03-13,000333,76.95,77.46,76.65,76.86,18729288.0
2026-03-16,000333,76.52,76.88,75.68,76.64,20560029.0
2026-03-17,000333,76.98,77.6,76.6,76.6,21407454.0
2026-03-18,000333,76.74,77.3,76.3,77.06,20071638.0
2026-03-19,000333,76.43,76.98,75.93,76.0,23272907.0
2026-03-20,000333,75.92,76.15,75.12,75.12,21912595.0
2026-03-23,000333,73.95,73.97,72.35,73.37,46200800.0
2026-03-24,000333,73.73,74.42,72.8,74.23,26714723.0
2026-03-25,000333,74.5,74.97,73.95,74.8,18496362.0
2026-03-26,000333,74.89,75.54,74.18,74.32,17708533.0
2025-09-22,000858,123.6,123.7,122.18,122.5,19643327.0
2025-09-23,000858,122.01,123.26,121.56,122.19,17207909.0
2025-09-24,000858,122.19,122.85,121.8,122.37,13056429.0
2025-09-25,000858,122.4,122.66,121.51,121.52,19455497.0
2025-09-26,000858,121.52,121.67,120.02,120.17,26192542.0
2025-09-29,000858,120.26,122.57,119.79,121.92,25635752.0
2025-09-30,000858,121.44,121.83,120.87,121.48,15457057.0
2025-10-09,000858,121.44,121.44,119.89,121.16,20375652.0
2025-10-10,000858,121.14,122.12,120.65,120.73,17535995.0
2025-10-13,000858,119.65,120.4,119.24,119.85,19583470.0
2025-10-14,000858,120.57,122.57,120.02,122.07,29165582.0
2025-10-15,000858,121.34,122.65,121.06,122.07,19459557.0
2025-10-16,000858,121.75,122.75,121.5,122.74,19847810.0
2025-10-17,000858,122.0,122.96,121.06,121.07,18040798.0
2025-10-20,000858,121.35,121.55,120.1,120.46,13164496.0
2025-10-21,000858,120.78,121.5,120.35,120.52,14729356.0
2025-10-22,000858,120.0,120.77,119.9,120.1,12782668.0
2025-10-23,000858,120.0,121.45,119.96,121.33,15571808.0
2025-10-24,000858,120.97,121.28,120.1,120.29,17432200.0
2025-10-27,000858,120.05,120.55,119.88,120.29,14394337.0
2025-10-28,000858,120.29,120.69,120.01,120.1,14019459.0
2025-10-29,000858,119.86,119.95,118.21,118.83,24508270.0
2025-10-30,000858,118.01,119.55,118.0,118.47,20432985.0
2025-10-31,000858,115.4,119.64,115.4,118.99,42107702.0
2025-11-03,000858,118.5,119.6,117.5,118.98,22327034.0
2025-11-04,000858,118.78,118.99,117.01,117.16,17273363.0
2025-11-05,000858,116.35,117.0,116.0,116.18,16463035.0
2025-11-06,000858,116.51,117.3,116.06,116.17,15467307.0
2025-11-07,000858,116.17,116.99,115.95,116.75,14543557.0
2025-11-10,000858,116.75,121.58,116.54,120.8,42906459.0
2025-11-11,000858,120.25,120.97,119.2,120.78,22926794.0
2025-11-12,000858,120.79,122.5,120.35,120.38,22254439.0
2025-11-13,000858,120.0,121.27,119.63,121.2,16002293.0
2025-11-14,000858,120.68,121.99,120.19,120.21,13924365.0
2025-11-17,000858,120.02,120.53,119.01,120.15,11738778.0
2025-11-18,000858,120.0,121.75,119.76,120.36,14766867.0
2025-11-19,000858,120.32,120.49,119.7,119.89,9514962.0
2025-11-20,000858,119.88,121.64,119.6,120.25,15825845.0
2025-11-21,000858,120.11,121.41,119.41,119.68,20507164.0
2025-11-24,000858,119.75,120.46,118.5,118.52,17301096.0
2025-11-25,000858,118.52,118.91,117.83,118.51,14660888.0
2025-11-26,000858,118.52,119.29,118.0,118.26,9169759.0
2025-11-27,000858,118.3,118.49,117.7,117.94,9215651.0
2025-11-28,000858,117.9,117.94,117.35,117.85,8029619.0
2025-12-01,000858,117.8,118.62,117.1,117.65,12091201.0
2025-12-02,000858,117.6,117.77,116.5,116.57,12492841.0
2025-12-03,000858,116.72,117.05,115.5,115.6,16587100.0
2025-12-04,000858,115.61,115.75,114.12,114.45,16929153.0
2025-12-05,000858,114.47,115.37,114.21,114.96,11768183.0
2025-12-08,000858,114.85,115.13,113.1,113.27,27697874.0
2025-12-09,000858,113.0,113.08,110.5,110.88,30431037.0
2025-12-10,000858,110.5,111.75,109.51,111.62,17869587.0
2025-12-11,000858,112.0,112.73,111.78,111.9,15788422.0
2025-12-12,000858,112.3,113.7,111.6,111.6,25702210.0
2025-12-15,000858,112.3,113.26,112.05,112.45,21568629.0
2025-12-16,000858,112.0,113.09,111.66,113.0,14506767.0
2025-12-17,000858,113.0,113.75,112.1,113.4,15314001.0
2025-12-18,000858,110.82,111.16,110.33,110.43,12462850.0
2025-12-19,000858,110.65,110.88,110.04,110.53,13818718.0
2025-12-22,000858,110.51,110.8,110.12,110.33,10846497.0
2025-12-23,000858,110.13,110.43,109.33,109.72,11354023.0
2025-12-24,000858,109.5,109.59,108.78,109.28,11790469.0
2025-12-25,000858,109.28,110.7,109.2,110.6,12570809.0
2025-12-26,000858,110.1,110.49,109.44,109.78,11475889.0
2025-12-29,000858,109.44,109.6,108.0,108.06,19545251.0
2025-12-30,000858,107.9,107.99,107.02,107.36,15847027.0
2025-12-31,000858,107.19,107.25,105.61,105.94,20867682.0
2026-01-05,000858,105.9,108.19,105.7,107.9,22266864.0
2026-01-06,000858,107.92,108.43,106.92,108.17,18623239.0
2026-01-07,000858,108.18,108.34,107.4,107.52,12309189.0
2026-01-08,000858,107.38,107.38,106.66,106.9,12912133.0
2026-01-09,000858,107.05,108.55,106.88,107.14,16074962.0
2026-01-12,000858,107.15,108.85,107.13,108.55,23335607.0
2026-01-13,000858,108.99,109.22,107.82,108.0,19737379.0
2026-01-14,000858,107.88,108.84,106.68,107.04,22560863.0
2026-01-15,000858,106.7,107.22,106.02,106.09,16292886.0
2026-01-16,000858,106.25,106.41,105.05,105.16,19870993.0
2026-01-19,000858,104.99,105.38,104.34,104.55,18229885.0
2026-01-20,000858,104.5,105.47,104.3,104.91,17281662.0
2026-01-21,000858,104.62,104.7,103.0,103.05,26228280.0
2026-01-22,000858,103.07,103.72,102.61,102.76,18691474.0
2026-01-23,000858,102.8,103.71,102.7,102.99,21455918.0
2026-01-26,000858,102.96,103.5,101.06,102.34,31296115.0
2026-01-27,000858,102.12,102.33,101.02,101.02,22528720.0
2026-01-28,000858,101.03,101.85,100.63,100.7,26676739.0
2026-01-29,000858,100.7,110.77,100.5,110.77,98660393.0
2026-01-30,000858,110.77,110.78,105.0,105.0,66817118.0
2026-02-02,000858,105.08,110.76,105.08,107.29,53197704.0
2026-02-03,000858,107.08,108.78,106.6,107.28,33164323.0
2026-02-04,000858,106.5,109.41,106.28,108.52,37891682.0
2026-02-05,000858,107.9,110.55,107.66,108.89,37284641.0
2026-02-06,000858,108.9,109.73,106.81,107.0,27652192.0
2026-02-09,000858,106.8,107.69,106.47,107.36,20889162.0
2026-02-10,000858,107.18,107.18,105.79,106.5,18504047.0
2026-02-11,000858,106.31,106.65,105.85,106.04,11499591.0
2026-02-12,000858,105.9,106.11,104.4,104.62,18172982.0
2026-02-13,000858,104.7,106.88,104.17,106.06,24123984.0
2026-02-24,000858,108.18,109.19,105.0,105.16,21014361.0
2026-02-25,000858,105.0,106.11,104.87,105.17,16152900.0
2026-02-26,000858,105.0,105.33,103.6,103.88,19232479.0
2026-02-27,000858,103.88,104.55,103.88,104.05,11918816.0
2026-03-02,000858,103.0,104.6,102.34,103.22,20406363.0
2026-03-03,000858,103.01,104.38,101.9,102.55,23059451.0
2026-03-04,000858,102.0,102.01,100.75,101.02,18301822.0
2026-03-05,000858,101.62,101.97,101.15,101.45,10052078.0
2026-03-06,000858,101.34,102.49,101.05,102.4,11291640.0
2026-03-09,000858,101.32,102.6,101.27,101.52,17778084.0
2026-03-10,000858,101.88,102.39,101.76,102.05,11169430.0
2026-03-11,000858,102.05,102.35,101.59,102.18,10780126.0
2026-03-12,000858,102.0,102.73,101.6,102.27,11661418.0
2026-03-13,000858,102.06,103.66,101.85,102.95,15318710.0
2026-03-16,000858,102.8,105.31,102.7,104.54,20304875.0
2026-03-17,000858,104.54,105.82,104.0,104.79,17770249.0
2026-03-18,000858,104.79,104.99,103.4,103.72,11720905.0
2026-03-19,000858,103.01,103.41,102.51,102.53,11437347.0
2026-03-20,000858,102.53,103.18,101.9,102.4,10286504.0
2026-03-23,000858,101.4,101.78,100.04,100.23,20518979.0
2026-03-24,000858,100.88,101.46,100.04,101.34,11750754.0
2026-03-25,000858,101.35,102.58,100.88,102.45,10858964.0
2026-03-26,000858,102.2,102.89,101.28,101.28,9592448.0
2025-09-22,002475,60.95,60.95,60.13,60.95,90279351.0
2025-09-23,002475,67.05,67.05,63.66,65.7,554123874.0
2025-09-24,002475,64.23,72.2,63.7,70.2,451635559.0
2025-09-25,002475,69.8,71.58,68.2,68.74,331771538.0
2025-09-26,002475,68.72,68.78,64.16,64.25,332090893.0
2025-09-29,002475,64.25,65.36,62.68,64.8,262852479.0
2025-09-30,002475,65.4,66.38,63.76,64.69,229529053.0
2025-10-09,002475,63.84,66.15,63.36,65.3,261650982.0
2025-10-10,002475,64.5,64.95,60.21,60.8,260955086.0
2025-10-13,002475,55.12,58.37,55.12,57.75,267290302.0
2025-10-14,002475,58.8,59.97,54.55,55.01,248599086.0
2025-10-15,002475,55.04,58.38,53.88,58.2,242527395.0
2025-10-16,002475,58.04,61.6,57.73,59.2,256325542.0
2025-10-17,002475,59.25,59.25,55.4,55.49,179240230.0
2025-10-20,002475,56.86,57.85,56.44,57.15,162519564.0
2025-10-21,002475,59.0,62.87,58.95,61.15,292936570.0
2025-10-22,002475,60.1,61.15,59.53,60.11,132425023.0
2025-10-23,002475,59.3,60.45,58.28,60.14,109740953.0
2025-10-24,002475,60.89,64.15,60.66,63.91,234445779.0
2025-10-27,002475,65.88,65.99,63.53,65.4,233992056.0
2025-10-28,002475,64.7,65.8,64.0,64.66,142632780.0
2025-10-29,002475,65.91,67.48,65.17,67.28,180052783.0
2025-10-30,002475,67.1,67.29,63.66,65.04,178788411.0
2025-10-31,002475,66.2,66.88,63.0,63.0,173415239.0
2025-11-03,002475,62.8,62.96,60.69,62.92,140414271.0
2025-11-04,002475,62.5,62.84,60.06,60.54,128990576.0
2025-11-05,002475,58.6,61.46,58.36,60.98,112172866.0
2025-11-06,002475,60.98,61.86,59.8,61.66,132471322.0
2025-11-07,002475,60.72,61.0,59.84,59.9,105363369.0
2025-11-10,002475,59.5,60.2,57.21,58.4,153527579.0
2025-11-11,002475,58.98,59.15,56.23,56.49,108489718.0
2025-11-12,002475,56.44,58.46,56.37,57.77,135717529.0
2025-11-13,002475,57.2,58.35,56.88,57.38,93995272.0
2025-11-14,002475,56.66,58.23,56.1,56.51,101754426.0
2025-11-17,002475,56.49,57.44,56.12,56.55,74185638.0
2025-11-18,002475,56.12,57.75,55.4,56.61,105402888.0
2025-11-19,002475,57.0,57.94,56.41,56.75,93532984.0
2025-11-20,002475,58.1,58.2,55.68,55.75,95981221.0
2025-11-21,002475,54.0,54.28,52.8,52.85,149999606.0
2025-11-24,002475,53.19,53.85,52.2,53.25,95703000.0
2025-11-25,002475,54.22,56.39,54.04,55.7,145075983.0
2025-11-26,002475,55.32,58.85,54.91,57.6,159153919.0
2025-11-27,002475,57.7,59.13,56.8,56.96,126380424.0
2025-11-28,002475,56.82,58.18,56.75,57.78,96257755.0
2025-12-01,002475,57.85,59.29,56.4,58.61,137736228.0
2025-12-02,002475,58.57,61.5,58.18,60.0,181396504.0
2025-12-03,002475,60.08,60.4,58.45,58.82,108086644.0
2025-12-04,002475,58.61,59.73,57.11,59.63,103890858.0
2025-12-05,002475,59.62,59.68,58.71,59.25,71699567.0
2025-12-08,002475,59.1,60.71,58.74,60.08,111448052.0
2025-12-09,002475,60.07,61.51,59.6,60.6,110658149.0
2025-12-10,002475,59.9,59.9,58.02,59.53,95668514.0
2025-12-11,002475,59.48,61.3,58.19,58.25,87639849.0
2025-12-12,002475,58.23,60.88,57.6,60.38,132191892.0
2025-12-15,002475,59.55,59.67,57.29,57.36,122673493.0
2025-12-16,002475,56.7,57.89,56.32,57.33,72495956.0
2025-12-17,002475,57.15,58.79,57.08,58.66,76178566.0
2025-12-18,002475,57.83,58.17,56.96,56.98,59964677.0
2025-12-19,002475,57.21,57.87,56.75,56.78,61846149.0
2025-12-22,002475,57.1,58.26,56.99,57.73,77726256.0
2025-12-23,002475,57.55,58.6,57.43,58.05,77505600.0
2025-12-24,002475,58.18,59.62,57.61,59.29,91859271.0
2025-12-25,002475,59.0,59.95,58.25,59.43,79411049.0
2025-12-26,002475,59.18,59.2,58.37,58.4,74266500.0
2025-12-29,002475,58.1,59.36,57.91,58.22,93055053.0
2025-12-30,002475,57.98,59.38,57.18,58.07,99164728.0
2025-12-31,002475,58.55,58.65,56.4,56.71,104905173.0
2026-01-05,002475,57.12,59.49,57.11,58.55,159455283.0
2026-01-06,002475,58.88,59.5,57.82,59.22,141539975.0
2026-01-07,002475,59.0,59.1,56.8,57.55,187357397.0
2026-01-08,002475,57.02,57.06,54.77,55.16,240111695.0
2026-01-09,002475,54.85,56.3,54.0,55.65,154079007.0
2026-01-12,002475,55.2,55.6,54.0,55.43,188390485.0
2026-01-13,002475,55.65,56.55,54.34,54.58,133498244.0
2026-01-14,002475,54.2,54.8,53.46,53.58,169913878.0
2026-01-15,002475,53.34,57.57,53.23,57.37,262847130.0
2026-01-16,002475,58.28,59.91,57.91,58.08,259990309.0
2026-01-19,002475,58.1,60.48,57.8,57.86,195719959.0
2026-01-20,002475,57.9,58.33,55.31,57.46,177225955.0
2026-01-21,002475,56.65,58.3,56.6,57.06,111719948.0
2026-01-22,002475,57.43,58.35,56.1,56.41,149804210.0
2026-01-23,002475,56.63,56.63,55.0,55.5,144925368.0
2026-01-26,002475,55.38,55.4,54.01,54.09,127111156.0
2026-01-27,002475,54.32,54.79,52.86,53.72,122784313.0
2026-01-28,002475,53.7,54.95,52.82,53.28,151194870.0
2026-01-29,002475,53.0,53.13,51.73,51.89,147260590.0
2026-01-30,002475,51.61,52.5,51.02,51.69,108558812.0
2026-02-02,002475,51.99,53.6,51.99,52.22,138486234.0
2026-02-03,002475,52.83,53.39,51.25,52.46,104663797.0
2026-02-04,002475,52.01,52.05,50.65,51.9,124442380.0
2026-02-05,002475,51.5,52.58,51.42,51.7,75985941.0
2026-02-06,002475,51.37,52.01,50.7,51.17,72491146.0
2026-02-09,002475,51.99,52.0,51.33,51.72,77530036.0
2026-02-10,002475,51.69,51.98,51.37,51.69,74683050.0
2026-02-11,002475,51.39,51.92,51.02,51.15,68945249.0
2026-02-12,002475,51.1,51.33,50.3,50.43,97024007.0
2026-02-13,002475,49.91,51.08,49.26,50.8,114492599.0
2026-02-24,002475,51.41,51.49,50.51,50.63,84415339.0
2026-02-25,002475,50.55,51.93,50.47,51.58,124704783.0
2026-02-26,002475,51.59,51.63,51.04,51.16,106425064.0
2026-02-27,002475,50.65,50.69,49.32,50.22,127271550.0
2026-03-02,002475,49.31,49.72,48.38,49.11,128983380.0
2026-03-03,002475,49.16,49.74,47.2,47.39,136026519.0
2026-03-04,002475,46.67,47.09,45.8,46.28,119890568.0
2026-03-05,002475,47.0,47.76,46.88,47.0,100873314.0
2026-03-06,002475,46.59,47.42,46.47,47.3,73249601.0
2026-03-09,002475,46.27,46.62,45.43,46.5,97374939.0
2026-03-10,002475,47.2,49.7,47.2,49.39,181409372.0
2026-03-11,002475,49.45,50.88,49.28,50.17,168648425.0
2026-03-12,002475,49.9,50.43,49.28,49.7,86041581.0
2026-03-13,002475,49.35,50.28,49.05,49.33,81983337.0
2026-03-16,002475,49.01,49.27,47.51,49.26,96527204.0
2026-03-17,002475,50.18,51.76,49.76,49.83,185009493.0
2026-03-18,002475,49.66,49.89,48.9,49.34,86120488.0
2026-03-19,002475,48.38,48.8,47.85,48.04,91805865.0
2026-03-20,002475,48.39,49.7,48.22,48.22,100484471.0
2026-03-23,002475,47.53,47.75,45.95,46.3,101744612.0
2026-03-24,002475,46.8,46.94,44.57,46.34,110560688.0
2026-03-25,002475,47.38,50.97,47.0,50.97,260886146.0
2026-03-26,002475,51.71,51.71,49.96,50.19,220019409.0
2025-09-22,002594,108.87,108.91,107.15,107.99,49155923.0
2025-09-23,002594,107.45,107.69,104.64,105.6,65096262.0
2025-09-24,002594,105.0,105.83,104.0,105.71,54816227.0
2025-09-25,002594,105.34,108.8,104.87,107.5,69348204.0
2025-09-26,002594,107.45,111.23,107.0,107.29,75661207.0
2025-09-29,002594,107.0,109.14,106.39,108.61,61398368.0
2025-09-30,002594,108.19,109.98,107.76,109.21,56775550.0
2025-10-09,002594,108.67,112.48,108.07,110.6,100872197.0
2025-10-10,002594,110.55,110.55,107.58,107.79,59010253.0
2025-10-13,002594,105.0,105.98,104.1,105.69,74442980.0
2025-10-14,002594,106.68,109.36,105.62,105.99,76778627.0
2025-10-15,002594,106.45,107.51,105.5,107.1,47579133.0
2025-10-16,002594,107.0,109.3,106.51,106.96,52309638.0
2025-10-17,002594,106.6,106.63,104.26,104.43,62572494.0
2025-10-20,002594,105.22,105.63,104.08,104.52,35561452.0
2025-10-21,002594,104.69,105.07,104.24,104.76,29907419.0
2025-10-22,002594,104.1,104.32,103.37,103.78,35787419.0
2025-10-23,002594,103.3,103.73,102.0,103.69,37860342.0
2025-10-24,002594,103.98,104.37,103.61,103.76,30554268.0
2025-10-27,002594,104.0,104.97,103.88,104.01,34598784.0
2025-10-28,002594,104.02,104.32,103.5,103.72,26541583.0
2025-10-29,002594,103.73,105.18,103.0,104.52,39734040.0
2025-10-30,002594,104.0,104.86,103.5,103.61,35898945.0
2025-10-31,002594,101.0,101.32,100.0,100.79,63705259.0
2025-11-03,002594,100.79,100.99,98.5,99.6,55167021.0
2025-11-04,002594,99.0,99.54,97.71,97.8,43501704.0
2025-11-05,002594,96.66,96.66,94.73,95.8,58721510.0
2025-11-06,002594,95.58,97.75,95.4,97.52,40200367.0
2025-11-07,002594,97.0,98.15,96.83,97.2,32256073.0
2025-11-10,002594,97.35,100.35,97.35,99.39,55487690.0
2025-11-11,002594,99.5,99.78,98.14,98.71,31985788.0
2025-11-12,002594,98.8,98.99,97.54,97.77,26064335.0
2025-11-13,002594,97.01,100.5,97.01,99.83,57999022.0
2025-11-14,002594,99.0,100.5,98.33,98.37,34298466.0
2025-11-17,002594,97.8,98.59,97.25,98.08,20724759.0
2025-11-18,002594,97.54,97.85,96.02,96.49,30475645.0
2025-11-19,002594,96.4,96.66,95.01,95.17,34829235.0
2025-11-20,002594,95.17,95.5,93.5,93.61,39181087.0
2025-11-21,002594,92.49,94.39,91.7,92.7,45171313.0
2025-11-24,002594,93.1,94.41,92.2,93.93,32730213.0
2025-11-25,002594,94.0,95.38,93.7,93.91,27748887.0
2025-11-26,002594,94.75,95.44,94.45,95.09,30657697.0
2025-11-27,002594,94.6,95.16,94.22,94.29,20227996.0
2025-11-28,002594,94.6,95.23,94.2,95.17,21935062.0
2025-12-01,002594,95.39,96.3,95.14,95.77,23371272.0
2025-12-02,002594,96.42,97.8,96.25,96.62,35921746.0
2025-12-03,002594,96.64,96.65,94.89,95.05,23157284.0
2025-12-04,002594,94.92,95.29,94.2,95.24,16614164.0
2025-12-05,002594,95.29,96.22,94.71,95.98,21161847.0
2025-12-08,002594,96.21,97.15,96.21,96.53,24780498.0
2025-12-09,002594,96.21,96.66,95.7,96.03,16322702.0
2025-12-10,002594,95.6,96.65,94.9,96.47,19840224.0
2025-12-11,002594,96.98,97.12,95.85,96.23,25090767.0
2025-12-12,002594,96.2,97.7,95.65,97.0,55462088.0
2025-12-15,002594,96.55,97.16,95.53,95.53,29330099.0
2025-12-16,002594,95.5,95.7,94.14,94.25,25876771.0
2025-12-17,002594,94.5,95.7,93.68,95.21,27282500.0
2025-12-18,002594,94.39,94.6,93.5,93.53,25279734.0
2025-12-19,002594,94.0,95.27,93.73,94.23,27206794.0
2025-12-22,002594,94.7,95.36,94.25,94.37,20623482.0
2025-12-23,002594,94.5,95.5,94.5,94.81,23661741.0
2025-12-24,002594,94.8,94.8,94.05,94.42,19280995.0
2025-12-25,002594,94.43,95.23,94.12,94.84,18220163.0
2025-12-26,002594,95.28,101.45,95.25,100.01,102095895.0
2025-12-29,002594,100.5,101.3,99.6,100.21,51916696.0
2025-12-30,002594,99.26,100.15,98.74,99.75,31875638.0
2025-12-31,002594,99.98,100.2,97.38,97.72,40285887.0
2026-01-05,002594,98.4,99.48,97.9,98.11,38262521.0
2026-01-06,002594,98.22,100.5,98.12,99.99,52178486.0
2026-01-07,002594,99.96,99.96,97.06,97.6,56084881.0
2026-01-08,002594,97.2,97.2,96.33,96.88,30065475.0
2026-01-09,002594,97.05,97.95,96.9,97.01,35034058.0
2026-01-12,002594,97.01,98.0,96.3,97.47,42525719.0
2026-01-13,002594,99.0,99.6,96.88,97.19,49872272.0
2026-01-14,002594,96.81,97.74,95.51,96.1,51474973.0
2026-01-15,002594,96.08,96.64,95.6,95.67,29563546.0
2026-01-16,002594,96.7,97.44,95.6,95.86,38458802.0
2026-01-19,002594,96.81,97.3,95.77,96.19,33492715.0
2026-01-20,002594,96.22,96.26,94.68,94.74,38914947.0
2026-01-21,002594,94.01,94.94,94.0,94.1,30833393.0
2026-01-22,002594,94.72,95.13,93.89,94.12,29101425.0
2026-01-23,002594,94.24,94.36,93.51,93.65,38330272.0
2026-01-26,002594,93.65,93.66,92.5,92.63,37545961.0
2026-01-27,002594,92.67,92.99,91.8,91.81,36298092.0
2026-01-28,002594,91.8,93.5,90.01,93.34,71556618.0
2026-01-29,002594,92.66,92.92,91.61,92.31,37182481.0
2026-01-30,002594,92.27,92.27,90.7,90.89,32917560.0
2026-02-02,002594,88.0,89.09,86.97,87.05,64697385.0
2026-02-03,002594,87.2,87.4,85.88,87.37,37782685.0
2026-02-04,002594,86.99,89.33,86.45,89.14,37650471.0
2026-02-05,002594,88.5,91.23,88.33,90.11,35424031.0
2026-02-06,002594,89.39,90.66,89.0,89.82,24708779.0
2026-02-09,002594,90.5,90.65,89.83,90.06,20817951.0
2026-02-10,002594,90.0,91.57,89.84,90.81,26760481.0
2026-02-11,002594,90.88,92.95,90.88,92.28,39694959.0
2026-02-12,002594,92.29,92.35,91.08,91.16,23031332.0
2026-02-13,002594,90.05,91.09,89.88,90.27,21733887.0
2026-02-24,002594,91.98,91.99,90.61,90.87,20644458.0
2026-02-25,002594,90.89,92.79,90.89,91.45,32478010.0
2026-02-26,002594,91.4,91.4,89.61,89.85,29101894.0
2026-02-27,002594,89.4,89.94,89.1,89.32,21934083.0
2026-03-02,002594,88.0,97.25,87.72,96.79,143513688.0
2026-03-03,002594,96.39,96.99,93.99,95.21,86574145.0
2026-03-04,002594,95.2,96.8,93.7,95.99,70096892.0
2026-03-05,002594,96.8,96.82,93.89,94.47,55243997.0
2026-03-06,002594,96.0,96.0,93.25,93.62,50354037.0
2026-03-09,002594,93.62,98.0,93.0,97.52,109340899.0
2026-03-10,002594,97.18,97.49,96.08,96.6,50746243.0
2026-03-11,002594,96.75,100.34,95.67,99.22,90374375.0
2026-03-12,002594,99.23,100.69,98.7,99.1,50252357.0
2026-03-13,002594,99.0,100.79,98.3,99.67,51976482.0
2026-03-16,002594,99.67,105.0,98.79,104.62,108781426.0
2026-03-17,002594,104.63,106.66,102.71,102.87,84138860.0
2026-03-18,002594,102.82,102.82,100.05,101.69,61799648.0
2026-03-19,002594,100.99,103.88,100.47,102.31,53105939.0
2026-03-20,002594,102.0,104.45,101.56,103.03,62878324.0
2026-03-23,002594,103.87,111.82,103.18,107.63,178244551.0
2026-03-24,002594,108.4,108.4,104.93,106.64,92144617.0
2026-03-25,002594,106.72,107.66,105.28,106.6,66266489.0
2026-03-26,002594,106.62,107.68,102.7,103.14,82812067.0
2025-09-22,002714,53.84,53.84,52.55,53.56,41808555.0
2025-09-23,002714,53.1,54.25,52.72,53.22,39244643.0
2025-09-24,002714,53.1,54.25,52.81,53.96,37008852.0
2025-09-25,002714,53.97,54.2,52.38,52.84,41027399.0
2025-09-26,002714,52.73,53.25,52.3,52.47,35013880.0
2025-09-29,002714,51.8,53.15,51.07,53.0,49505526.0
2025-09-30,002714,52.88,53.34,51.96,53.0,39590406.0
2025-10-09,002714,51.94,52.9,50.6,52.85,62696236.0
2025-10-10,002714,52.77,54.09,52.34,53.22,54987291.0
2025-10-13,002714,52.27,54.18,52.27,53.1,51517607.0
2025-10-14,002714,53.2,54.4,52.88,53.7,58971789.0
2025-10-15,002714,53.61,54.0,52.53,53.27,35168456.0
2025-10-16,002714,52.68,52.69,51.33,51.33,31718515.0
2025-10-17,002714,51.1,51.48,50.38,50.62,32161387.0
2025-10-20,002714,50.6,50.8,49.22,49.48,39460165.0
2025-10-21,002714,49.48,50.02,49.18,49.46,30627749.0
2025-10-22,002714,49.46,49.78,48.47,48.7,36451906.0
2025-10-23,002714,48.76,49.12,48.18,48.71,21465576.0
2025-10-24,002714,49.02,49.64,48.45,48.86,29528258.0
2025-10-27,002714,48.88,50.59,48.6,50.25,44921961.0
2025-10-28,002714,50.24,50.98,50.0,50.42,27267336.0
2025-10-29,002714,50.13,50.91,50.09,50.4,21661875.0
2025-10-30,002714,50.5,50.55,49.41,49.68,29675196.0
2025-10-31,002714,50.02,51.68,50.02,50.3,44199841.0
2025-11-03,002714,50.35,51.94,50.35,51.19,49345356.0
2025-11-04,002714,51.0,51.11,49.35,49.5,42011412.0
2025-11-05,002714,49.05,49.88,48.77,49.43,24137829.0
2025-11-06,002714,49.21,50.0,48.97,49.25,29438529.0
2025-11-07,002714,49.31,50.29,49.14,49.71,28554161.0
2025-11-10,002714,50.37,51.8,49.51,51.67,54980316.0
2025-11-11,002714,51.65,51.65,50.46,50.58,37340427.0
2025-11-12,002714,50.41,50.84,49.88,50.14,24490691.0
2025-11-13,002714,50.1,50.68,49.65,50.57,28544502.0
2025-11-14,002714,50.18,50.73,49.87,49.87,24878685.0
2025-11-17,002714,49.6,49.65,47.63,48.46,44517500.0
2025-11-18,002714,48.0,48.95,47.96,48.6,21946017.0
2025-11-19,002714,48.6,48.72,48.07,48.45,15878137.0
2025-11-20,002714,48.45,48.9,48.11,48.22,16998656.0
2025-11-21,002714,48.0,48.97,47.84,47.89,30323444.0
2025-11-24,002714,49.34,50.81,48.97,49.46,48848543.0
2025-11-25,002714,49.21,50.6,48.71,49.83,43328370.0
2025-11-26,002714,50.0,50.88,49.52,49.6,24838855.0
2025-11-27,002714,49.71,50.5,49.2,49.9,22994301.0
2025-11-28,002714,50.01,50.8,49.78,50.75,28042473.0
2025-12-01,002714,50.96,50.98,49.37,49.7,37088106.0
2025-12-02,002714,49.55,49.82,49.06,49.13,17582863.0
2025-12-03,002714,49.0,49.29,48.64,48.8,19142099.0
2025-12-04,002714,48.7,49.34,48.7,48.96,15039396.0
2025-12-05,002714,48.87,49.29,48.62,48.83,17687098.0
2025-12-08,002714,48.77,48.88,48.1,48.38,27116427.0
2025-12-09,002714,48.48,49.11,47.88,48.0,27302781.0
2025-12-10,002714,47.8,48.07,47.35,47.99,19169542.0
2025-12-11,002714,47.88,47.9,46.88,47.34,35034924.0
2025-12-12,002714,47.35,48.96,47.12,48.78,42584551.0
2025-12-15,002714,48.75,49.9,48.62,49.25,29471049.0
2025-12-16,002714,49.26,49.59,48.76,49.06,17109785.0
2025-12-17,002714,49.75,49.88,48.3,49.59,27264277.0
2025-12-18,002714,49.18,50.14,48.99,49.48,22506863.0
2025-12-19,002714,49.4,50.2,49.05,49.19,36131067.0
2025-12-22,002714,49.5,49.86,48.72,49.59,35988887.0
2025-12-23,002714,49.55,49.8,49.22,49.34,19714986.0
2025-12-24,002714,49.17,49.27,47.6,48.12,42107310.0
2025-12-25,002714,47.9,48.11,47.72,47.95,24053201.0
2025-12-26,002714,47.8,48.08,47.59,47.95,23195924.0
2025-12-29,002714,48.1,50.59,48.1,49.9,67166231.0
2025-12-30,002714,50.0,51.35,49.93,50.89,46030861.0
2025-12-31,002714,50.5,50.77,50.02,50.58,26662980.0
2026-01-05,002714,50.6,50.72,49.78,50.1,29938518.0
2026-01-06,002714,49.83,51.45,49.49,51.38,43576227.0
2026-01-07,002714,51.19,51.85,50.68,50.8,35848353.0
2026-01-08,002714,51.28,51.32,50.06,50.16,25923948.0
2026-01-09,002714,50.1,50.52,49.58,49.76,34581700.0
2026-01-12,002714,49.76,49.79,48.8,49.35,35757479.0
2026-01-13,002714,49.45,49.52,48.1,48.18,49896353.0
2026-01-14,002714,48.19,48.69,47.9,48.4,42783083.0
2026-01-15,002714,48.48,48.73,48.18,48.3,35899731.0
2026-01-16,002714,48.31,48.41,47.12,47.33,57598199.0
2026-01-19,002714,47.33,47.76,47.0,47.18,37402663.0
2026-01-20,002714,47.23,47.41,46.75,46.84,39677417.0
2026-01-21,002714,46.88,46.96,46.12,46.27,45589060.0
2026-01-22,002714,46.23,46.55,45.49,45.62,50343402.0
2026-01-23,002714,45.62,46.01,45.45,46.01,44381570.0
2026-01-26,002714,46.0,46.88,45.52,46.51,59143036.0
2026-01-27,002714,46.51,46.52,45.0,45.03,58339881.0
2026-01-28,002714,44.88,45.33,44.2,45.14,61603438.0
2026-01-29,002714,44.85,46.36,44.65,46.33,61784476.0
2026-01-30,002714,46.1,47.79,45.88,46.0,91333571.0
2026-02-02,002714,46.03,46.33,44.91,45.1,57938569.0
2026-02-03,002714,45.01,45.71,44.65,45.68,37435385.0
2026-02-04,002714,45.75,46.96,45.48,46.86,53840092.0
2026-02-05,002714,46.84,47.49,46.4,46.73,41535903.0
2026-02-06,002714,46.09,47.05,46.05,46.41,35901968.0
2026-02-09,002714,46.16,47.29,46.08,46.65,33471965.0
2026-02-10,002714,46.46,46.94,45.83,45.92,29733808.0
2026-02-11,002714,45.88,46.17,45.35,46.03,28609864.0
2026-02-12,002714,45.81,46.08,45.17,45.24,27639138.0
2026-02-13,002714,45.24,46.08,45.02,45.35,29893378.0
2026-02-24,002714,45.51,45.86,44.4,44.56,39137606.0
2026-02-25,002714,44.51,45.09,44.41,44.79,28359170.0
2026-02-26,002714,45.03,45.98,44.91,45.13,38872497.0
2026-02-27,002714,45.15,47.06,45.15,46.9,71846970.0
2026-03-02,002714,46.5,48.14,46.42,46.81,51336918.0
2026-03-03,002714,46.7,47.5,46.46,46.53,44967844.0
2026-03-04,002714,46.69,47.23,46.26,47.13,54724688.0
2026-03-05,002714,47.13,47.18,46.18,46.8,32351345.0
2026-03-06,002714,46.67,49.53,46.55,49.34,90999749.0
2026-03-09,002714,49.6,50.76,49.21,49.41,83824293.0
2026-03-10,002714,48.88,49.55,48.19,48.33,49294962.0
2026-03-11,002714,48.34,49.78,48.22,49.31,47550234.0
2026-03-12,002714,49.5,50.68,49.0,50.59,62914622.0
2026-03-13,002714,50.5,50.75,49.57,49.79,37632642.0
2026-03-16,002714,50.03,50.8,49.64,49.74,38514278.0
2026-03-17,002714,49.51,51.48,49.2,50.24,52046374.0
2026-03-18,002714,50.18,50.72,49.43,49.69,31488430.0
2026-03-19,002714,49.51,49.79,48.56,48.8,35395692.0
2026-03-20,002714,48.93,49.9,48.62,49.45,47235621.0
2026-03-23,002714,48.5,48.57,44.76,45.2,92662586.0
2026-03-24,002714,45.2,45.5,42.3,43.5,99338194.0
2026-03-25,002714,43.12,44.88,43.02,44.52,45832056.0
2026-03-26,002714,44.33,44.8,43.9,44.0,31247851.0
2025-09-22,300059,26.55,26.97,26.55,26.89,324342278.0
2025-09-23,300059,26.57,26.59,25.7,26.12,537885585.0
2025-09-24,300059,26.0,26.73,25.89,26.45,444335769.0
2025-09-25,300059,26.4,26.79,26.35,26.47,358772768.0
2025-09-26,300059,26.37,26.53,26.05,26.06,303421146.0
2025-09-29,300059,26.04,28.45,25.99,27.58,1108684127.0
2025-09-30,300059,27.31,27.56,27.01,27.12,572184675.0
2025-10-09,300059,26.52,27.08,26.19,26.76,609947241.0
2025-10-10,300059,26.63,27.0,26.01,26.09,602985545.0
2025-10-13,300059,25.17,25.8,25.12,25.62,411921427.0
2025-10-14,300059,25.7,26.15,25.12,25.16,415799790.0
2025-10-15,300059,25.35,25.62,25.14,25.54,302139824.0
2025-10-16,300059,25.42,25.63,25.31,25.42,237781407.0
2025-10-17,300059,25.4,25.62,24.81,24.86,309566627.0
2025-10-20,300059,25.25,25.34,24.86,25.02,228260562.0
2025-10-21,300059,25.12,25.55,25.04,25.36,297415998.0
2025-10-22,300059,25.21,25.25,24.99,25.12,177622378.0
2025-10-23,300059,25.16,25.48,24.92,25.47,250384534.0
2025-10-24,300059,25.54,25.9,25.43,25.9,357851764.0
2025-10-27,300059,26.35,26.45,25.93,26.04,475197468.0
2025-10-28,300059,25.85,26.4,25.81,26.0,350368404.0
2025-10-29,300059,25.91,26.79,25.88,26.49,544258296.0
2025-10-30,300059,26.29,26.33,25.61,25.63,467608310.0
2025-10-31,300059,25.78,25.87,25.5,25.5,249902897.0
2025-11-03,300059,25.49,25.59,25.15,25.56,220117438.0
2025-11-04,300059,25.41,25.48,25.2,25.26,189508997.0
2025-11-05,300059,25.09,25.37,25.01,25.26,166593299.0
2025-11-06,300059,25.27,25.68,25.27,25.51,239845604.0
2025-11-07,300059,25.28,25.32,25.1,25.14,202422801.0
2025-11-10,300059,25.12,25.52,25.11,25.4,213742554.0
2025-11-11,300059,25.39,25.44,24.92,24.93,249958217.0
2025-11-12,300059,24.93,25.02,24.5,24.69,209423734.0
2025-11-13,300059,24.59,25.14,24.59,25.13,229532021.0
2025-11-14,300059,24.9,24.98,24.52,24.54,202810528.0
2025-11-17,300059,24.51,24.66,24.44,24.51,148618452.0
2025-11-18,300059,24.5,24.69,24.46,24.49,150722250.0
2025-11-19,300059,24.48,24.61,24.16,24.33,175068953.0
2025-11-20,300059,24.71,24.8,24.06,24.07,218813990.0
2025-11-21,300059,23.88,24.08,23.26,23.3,303657646.0
2025-11-24,300059,23.4,23.62,23.26,23.43,173326796.0
2025-11-25,300059,23.49,23.63,23.38,23.42,194443515.0
2025-11-26,300059,23.42,23.53,23.31,23.34,168890808.0
2025-11-27,300059,23.33,23.63,23.26,23.3,193737802.0
2025-11-28,300059,23.29,23.41,23.06,23.4,179086945.0
2025-12-01,300059,23.22,23.34,22.85,23.09,307525087.0
2025-12-02,300059,23.03,23.05,22.59,22.61,234266666.0
2025-12-03,300059,22.67,22.8,22.18,22.23,224382774.0
2025-12-04,300059,22.25,22.59,22.17,22.39,180008722.0
2025-12-05,300059,22.35,23.72,22.31,23.31,548068578.0
2025-12-08,300059,23.8,24.22,23.54,23.64,577238800.0
2025-12-09,300059,23.4,23.63,23.16,23.28,269716787.0
2025-12-10,300059,23.21,23.45,22.96,23.29,224914879.0
2025-12-11,300059,23.35,23.36,22.84,22.84,193809629.0
2025-12-12,300059,22.89,23.3,22.86,23.02,226127208.0
2025-12-15,300059,22.81,23.24,22.71,22.85,186663144.0
2025-12-16,300059,22.75,22.93,22.57,22.61,187502453.0
2025-12-17,300059,22.61,23.42,22.46,23.09,341817761.0
2025-12-18,300059,23.0,23.15,22.84,22.86,189319984.0
2025-12-19,300059,22.87,23.3,22.83,23.0,193665416.0
2025-12-22,300059,22.98,23.19,22.94,23.08,160098857.0
2025-12-23,300059,23.06,23.24,22.93,23.02,184964950.0
2025-12-24,300059,22.95,23.33,22.92,23.2,216164536.0
2025-12-25,300059,23.15,23.43,23.1,23.34,217205303.0
2025-12-26,300059,23.34,24.05,23.23,23.61,431928171.0
2025-12-29,300059,23.58,23.6,23.3,23.35,221402724.0
2025-12-30,300059,23.29,23.63,23.21,23.43,224793876.0
2025-12-31,300059,23.43,23.61,23.18,23.18,199239488.0
2026-01-05,300059,23.22,23.75,23.21,23.75,356523390.0
2026-01-06,300059,23.68,25.37,23.65,25.11,906092075.0
2026-01-07,300059,24.88,24.97,24.26,24.53,519386047.0
2026-01-08,300059,24.29,24.29,23.87,24.0,401345353.0
2026-01-09,300059,24.0,24.36,23.99,24.13,340988370.0
2026-01-12,300059,24.06,25.05,24.01,25.05,700622732.0
2026-01-13,300059,25.3,25.48,24.41,24.49,573442369.0
2026-01-14,300059,24.36,25.71,24.36,24.72,937107931.0
2026-01-15,300059,24.21,24.52,23.91,24.06,496353353.0
2026-01-16,300059,24.29,24.43,23.83,23.89,325169233.0
2026-01-19,300059,23.8,23.82,23.45,23.5,299735468.0
2026-01-20,300059,23.49,23.66,23.32,23.44,258570356.0
2026-01-21,300059,23.43,23.53,23.25,23.31,230701802.0
2026-01-22,300059,23.31,23.52,23.24,23.31,215739815.0
2026-01-23,300059,23.36,23.45,23.25,23.3,258945663.0
2026-01-26,300059,23.25,23.73,23.13,23.31,425535001.0
2026-01-27,300059,23.28,23.3,22.73,22.9,316475831.0
2026-01-28,300059,22.9,23.02,22.77,22.78,255135330.0
2026-01-29,300059,22.66,23.3,22.39,23.14,417787468.0
2026-01-30,300059,23.1,23.1,22.68,22.7,269854953.0
2026-02-02,300059,22.61,23.05,22.45,22.53,239788114.0
2026-02-03,300059,22.68,22.73,22.48,22.7,179950400.0
2026-02-04,300059,22.6,23.12,22.52,22.89,297568413.0
2026-02-05,300059,22.75,23.13,22.71,22.93,272039202.0
2026-02-06,300059,22.78,22.91,22.65,22.66,197822887.0
2026-02-09,300059,22.81,22.95,22.72,22.95,208806438.0
2026-02-10,300059,22.92,23.09,22.85,22.89,152251626.0
2026-02-11,300059,22.85,22.94,22.73,22.77,149466066.0
2026-02-12,300059,22.75,22.77,22.65,22.66,153362029.0
2026-02-13,300059,22.7,22.82,22.36,22.37,205468499.0
2026-02-24,300059,22.49,22.57,22.33,22.41,141213770.0
2026-02-25,300059,22.47,22.89,22.43,22.74,255964372.0
2026-02-26,300059,22.69,22.7,22.43,22.5,189153249.0
2026-02-27,300059,22.46,22.67,22.37,22.52,176681173.0
2026-03-02,300059,22.26,22.32,21.9,21.95,282677152.0
2026-03-03,300059,21.93,22.33,21.62,21.64,290761929.0
2026-03-04,300059,21.43,21.55,20.95,21.02,288548913.0
2026-03-05,300059,21.33,21.35,20.99,21.09,212806778.0
2026-03-06,300059,21.0,21.64,20.96,21.56,233819564.0
2026-03-09,300059,21.15,21.34,21.02,21.23,197301365.0
2026-03-10,300059,21.42,21.56,21.26,21.36,161120963.0
2026-03-11,300059,21.35,21.59,21.25,21.47,180302504.0
2026-03-12,300059,21.38,21.53,21.25,21.36,151737148.0
2026-03-13,300059,21.3,21.46,21.06,21.1,176613501.0
2026-03-16,300059,21.09,21.23,20.94,21.21,144707074.0
2026-03-17,300059,21.3,22.07,21.26,21.56,420042174.0
2026-03-18,300059,21.45,21.55,21.31,21.51,185757857.0
2026-03-19,300059,21.34,21.6,21.25,21.33,217463822.0
2026-03-20,300059,21.2,21.22,20.21,20.21,477462400.0
2026-03-23,300059,19.78,20.05,19.56,19.61,314124997.0
2026-03-24,300059,19.87,19.96,19.55,19.77,208891179.0
2026-03-25,300059,19.75,20.15,19.73,19.9,225141838.0
2026-03-26,300059,19.81,19.82,19.1,19.12,279438966.0
2025-09-22,300750,370.5,372.72,362.78,370.05,28527763.0
2025-09-23,300750,368.0,376.96,360.0,368.15,34849315.0
2025-09-24,300750,371.0,380.0,366.06,379.93,38314548.0
2025-09-25,300750,376.6,402.59,376.47,392.85,46639338.0
2025-09-26,300750,392.02,399.99,380.0,380.4,36263326.0
2025-09-29,300750,386.34,399.89,386.01,397.37,38964745.0
2025-09-30,300750,396.0,408.88,396.0,402.0,33031310.0
2025-10-09,300750,399.98,424.36,399.74,409.89,41208823.0
2025-10-10,300750,401.0,403.8,379.01,381.95,53311798.0
2025-10-13,300750,362.86,384.6,362.86,374.5,47150998.0
2025-10-14,300750,381.0,385.8,355.77,358.0,49639939.0
2025-10-15,300750,358.5,369.71,354.76,369.3,36993355.0
2025-10-16,300750,367.5,373.9,364.5,368.5,27629467.0
2025-10-17,300750,367.5,375.0,356.99,358.14,31905761.0
2025-10-20,300750,365.0,368.89,359.53,366.5,28432420.0
2025-10-21,300750,373.0,381.35,363.1,375.9,44632870.0
2025-10-22,300750,375.9,378.88,368.2,372.86,21945879.0
2025-10-23,300750,373.8,378.8,369.0,376.45,23998098.0
2025-10-24,300750,379.97,387.8,378.0,385.77,32041578.0
2025-10-27,300750,393.0,393.0,376.57,386.18,40451018.0
2025-10-28,300750,386.16,393.8,383.02,386.48,28708295.0
2025-10-29,300750,386.0,400.04,384.7,400.0,34474046.0
2025-10-30,300750,405.98,409.08,396.83,398.29,34306088.0
2025-10-31,300750,398.0,406.8,388.2,388.77,34048350.0
2025-11-03,300750,387.0,391.91,375.77,386.86,26368177.0
2025-11-04,300750,383.06,386.5,374.0,378.95,23939074.0
2025-11-05,300750,372.85,393.0,372.0,388.7,31142532.0
2025-11-06,300750,390.0,399.49,388.7,394.68,23447477.0
2025-11-07,300750,393.5,397.51,388.88,395.37,16554892.0
2025-11-10,300750,398.4,400.31,383.32,384.51,23895991.0
2025-11-11,300750,386.0,394.77,384.5,385.6,19303175.0
2025-11-12,300750,390.78,392.99,383.98,386.38,21299825.0
2025-11-13,300750,385.05,421.3,385.05,415.6,56265449.0
2025-11-14,300750,407.0,414.6,403.88,404.12,24172120.0
2025-11-17,300750,388.0,392.4,382.5,390.78,47685503.0
2025-11-18,300750,389.0,398.63,381.0,385.0,39565814.0
2025-11-19,300750,385.5,398.44,384.96,391.1,29266686.0
2025-11-20,300750,394.9,395.0,377.01,379.39,33674285.0
2025-11-21,300750,375.0,383.0,370.0,370.0,31631335.0
2025-11-24,300750,373.8,374.9,367.18,370.55,22845819.0
2025-11-25,300750,375.0,379.66,370.59,372.36,20633246.0
2025-11-26,300750,375.5,375.5,370.07,372.82,18910660.0
2025-11-27,300750,373.0,378.88,370.0,371.2,22200259.0
2025-11-28,300750,370.5,375.48,366.16,373.2,20340263.0
2025-12-01,300750,374.76,382.97,374.03,382.97,26751013.0
2025-12-02,300750,383.5,384.98,377.4,380.08,16348461.0
2025-12-03,300750,380.09,383.37,375.0,376.08,13991135.0
2025-12-04,300750,379.19,383.6,375.15,383.35,19165809.0
2025-12-05,300750,387.2,389.31,382.0,389.09,23291559.0
2025-12-08,300750,390.43,395.38,385.5,392.5,21659758.0
2025-12-09,300750,391.5,392.26,386.0,387.59,18691773.0
2025-12-10,300750,385.05,388.0,377.26,382.38,19433405.0
2025-12-11,300750,384.9,398.86,383.38,388.99,28215378.0
2025-12-12,300750,392.0,393.39,385.5,391.8,24002022.0
2025-12-15,300750,391.5,394.97,385.21,385.5,18274993.0
2025-12-16,300750,386.0,389.08,378.03,378.41,19121676.0
2025-12-17,300750,376.45,384.5,375.06,383.42,22257408.0
2025-12-18,300750,379.57,380.95,370.01,372.0,29639283.0
2025-12-19,300750,374.08,377.68,370.8,374.0,17559945.0
2025-12-22,300750,376.0,377.99,368.1,371.84,25493538.0
2025-12-23,300750,372.0,380.5,371.6,378.1,23604086.0
2025-12-24,300750,378.08,378.08,372.0,375.6,21088387.0
2025-12-25,300750,374.21,374.21,369.12,373.01,20343144.0
2025-12-26,300750,372.96,378.0,370.1,374.43,25723689.0
2025-12-29,300750,374.0,374.43,368.0,369.31,24124072.0
2025-12-30,300750,367.1,371.0,366.56,369.2,19030821.0
2025-12-31,300750,369.79,372.0,367.15,367.26,16026597.0
2026-01-05,300750,370.0,378.0,368.19,377.5,33688135.0
2026-01-06,300750,380.0,380.5,369.04,373.99,34147710.0
2026-01-07,300750,372.95,375.48,368.49,371.01,26228535.0
2026-01-08,300750,368.0,373.33,367.0,369.21,26959035.0
2026-01-09,300750,369.17,377.63,367.01,369.23,31477187.0
2026-01-12,300750,368.0,368.0,351.66,361.68,48830739.0
2026-01-13,300750,366.25,367.77,357.0,359.0,29670920.0
2026-01-14,300750,360.03,361.22,351.71,353.98,38083365.0
2026-01-15,300750,352.75,358.28,351.8,353.75,32370912.0
2026-01-16,300750,357.99,361.72,351.51,352.32,31981842.0
2026-01-19,300750,351.47,355.34,345.33,348.9,33864284.0
2026-01-20,300750,350.0,356.91,347.9,349.6,35440589.0
2026-01-21,300750,351.94,357.69,349.0,349.81,39393573.0
2026-01-22,300750,351.03,353.73,339.5,345.8,45994818.0
2026-01-23,300750,348.01,350.0,343.25,347.0,33976127.0
2026-01-26,300750,352.02,352.55,341.21,342.05,33291386.0
2026-01-27,300750,344.89,344.9,334.02,339.4,32294885.0
2026-01-28,300750,337.88,344.0,333.01,339.99,46308171.0
2026-01-29,300750,340.5,345.16,338.16,341.89,33844419.0
2026-01-30,300750,348.4,353.76,344.1,350.0,48650115.0
2026-02-02,300750,357.0,357.99,344.13,348.98,39191747.0
2026-02-03,300750,349.0,352.8,343.5,347.91,26516325.0
2026-02-04,300750,350.96,366.65,347.51,365.03,48531685.0
2026-02-05,300750,365.77,366.75,356.02,362.94,28427157.0
2026-02-06,300750,359.32,372.88,358.01,369.11,39372618.0
2026-02-09,300750,370.5,372.5,362.6,368.82,27448630.0
2026-02-10,300750,365.17,370.8,364.0,364.97,18563499.0
2026-02-11,300750,366.9,370.99,364.5,368.0,19653459.0
2026-02-12,300750,370.0,377.88,368.03,375.87,27754580.0
2026-02-13,300750,375.61,377.0,365.01,365.34,22314532.0
2026-02-24,300750,372.64,373.5,361.95,361.95,22695131.0
2026-02-25,300750,363.69,366.6,360.1,362.18,18716639.0
2026-02-26,300750,356.05,358.2,343.5,346.0,43541381.0
2026-02-27,300750,347.12,348.94,342.01,342.01,25446620.0
2026-03-02,300750,341.0,344.9,336.68,340.22,28351326.0
2026-03-03,300750,346.33,354.35,344.03,344.07,40007479.0
2026-03-04,300750,341.1,342.02,334.2,338.9,25080441.0
2026-03-05,300750,344.58,353.85,342.66,350.25,31006068.0
2026-03-06,300750,349.0,357.02,344.66,354.77,20963113.0
2026-03-09,300750,348.84,359.85,345.06,357.5,31797613.0
2026-03-10,300750,375.0,379.77,366.5,376.3,50741728.0
2026-03-11,300750,379.58,403.55,378.98,396.8,57598685.0
2026-03-12,300750,400.0,400.9,392.7,395.5,29150375.0
2026-03-13,300750,393.88,403.99,393.8,397.0,35582639.0
2026-03-16,300750,401.77,413.17,398.0,408.4,37352104.0
2026-03-17,300750,415.78,420.0,404.56,405.0,35980678.0
2026-03-18,300750,405.36,406.0,396.77,402.02,26529996.0
2026-03-19,300750,401.94,414.0,400.0,400.5,29286635.0
2026-03-20,300750,405.08,422.08,400.13,413.0,53729677.0
2026-03-23,300750,417.33,417.36,398.75,401.99,44614145.0
2026-03-24,300750,405.0,411.9,388.0,396.99,36410525.0
2026-03-25,300750,393.0,400.5,387.8,397.81,26752828.0
2026-03-26,300750,393.84,413.72,392.0,402.5,26763697.0
2025-09-22,600036,41.15,41.37,40.8,40.92,65611030.0
2025-09-23,600036,40.98,41.75,40.63,41.55,93885081.0
2025-09-24,600036,41.5,41.89,41.29,41.32,64389951.0
2025-09-25,600036,41.32,41.36,40.81,40.82,66694887.0
2025-09-26,600036,40.81,41.0,40.3,40.8,68276667.0
2025-09-29,600036,40.77,41.29,40.36,40.68,83555055.0
2025-09-30,600036,40.65,40.79,40.41,40.41,70002520.0
2025-10-09,600036,40.21,40.44,39.82,40.33,97231953.0
2025-10-10,600036,40.3,40.65,40.13,40.18,95504979.0
2025-10-13,600036,39.76,40.3,39.7,40.11,106593617.0
2025-10-14,600036,40.09,41.49,39.83,41.26,173382668.0
2025-10-15,600036,41.25,41.57,41.01,41.5,106276702.0
2025-10-16,600036,41.5,41.99,41.13,41.93,106248776.0
2025-10-17,600036,41.88,42.22,41.38,41.59,82982705.0
2025-10-20,600036,41.61,41.79,41.1,41.42,64947729.0
2025-10-21,600036,41.49,42.1,41.49,41.98,75993124.0
2025-10-22,600036,41.98,42.2,41.73,41.95,55133364.0
2025-10-23,600036,41.95,42.49,41.78,42.24,71317373.0
2025-10-24,600036,42.35,42.45,41.85,41.95,69883194.0
2025-10-27,600036,41.9,41.97,41.42,41.59,98894862.0
2025-10-28,600036,41.62,41.72,41.23,41.6,70595074.0
2025-10-29,600036,41.53,41.53,40.69,40.77,91098760.0
2025-10-30,600036,40.8,41.36,40.73,41.2,113153844.0
2025-10-31,600036,41.26,41.3,40.84,40.89,70260700.0
2025-11-03,600036,41.14,41.97,41.06,41.79,92198068.0
2025-11-04,600036,41.84,43.11,41.81,43.01,134003592.0
2025-11-05,600036,43.1,43.47,42.75,42.8,73171377.0
2025-11-06,600036,42.65,42.89,42.31,42.34,87197274.0
2025-11-07,600036,42.4,42.72,42.28,42.51,59319118.0
2025-11-10,600036,42.45,42.88,42.28,42.72,53236873.0
2025-11-11,600036,42.69,43.04,42.52,42.96,54467066.0
2025-11-12,600036,43.12,43.36,42.93,42.93,58792878.0
2025-11-13,600036,42.97,43.3,42.74,43.21,58798006.0
2025-11-14,600036,43.24,43.59,43.18,43.25,51820955.0
2025-11-17,600036,43.1,43.2,42.5,42.65,61067446.0
2025-11-18,600036,42.56,42.91,42.44,42.88,51743927.0
2025-11-19,600036,42.88,43.5,42.8,43.22,51169639.0
2025-11-20,600036,43.22,43.79,43.05,43.23,58585152.0
2025-11-21,600036,43.24,43.55,42.76,43.0,79126405.0
2025-11-24,600036,43.1,43.21,42.51,42.63,67854882.0
2025-11-25,600036,42.66,43.3,42.44,43.25,66640949.0
2025-11-26,600036,43.34,43.63,42.97,43.25,45107206.0
2025-11-27,600036,43.18,43.39,42.6,43.19,62143434.0
2025-11-28,600036,43.1,43.12,42.82,42.95,49465789.0
2025-12-01,600036,43.08,43.47,42.93,43.44,56791942.0
2025-12-02,600036,43.44,43.65,43.22,43.38,40673497.0
2025-12-03,600036,43.27,43.58,43.0,43.01,46895972.0
2025-12-04,600036,43.05,43.42,43.01,43.22,36120746.0
2025-12-05,600036,43.25,43.55,42.91,43.45,54890622.0
2025-12-08,600036,43.44,43.64,43.07,43.18,58003881.0
2025-12-09,600036,43.18,43.3,42.83,43.04,46593870.0
2025-12-10,600036,43.08,43.08,41.55,41.7,108315686.0
2025-12-11,600036,41.86,42.05,41.41,41.68,84623107.0
2025-12-12,600036,41.75,41.83,41.48,41.74,71762547.0
2025-12-15,600036,41.74,42.28,41.63,41.8,56266557.0
2025-12-16,600036,41.78,42.13,41.43,41.7,56617635.0
2025-12-17,600036,41.6,41.85,41.23,41.52,63126744.0
2025-12-18,600036,41.54,42.42,41.4,42.37,76811931.0
2025-12-19,600036,42.37,42.48,41.91,41.99,57382341.0
2025-12-22,600036,42.08,42.13,41.71,41.77,52473989.0
2025-12-23,600036,41.74,42.04,41.66,41.91,60651014.0
2025-12-24,600036,41.93,41.99,41.55,41.83,53630520.0
2025-12-25,600036,41.93,42.08,41.7,41.78,49921351.0
2025-12-26,600036,41.79,41.88,41.62,41.7,50880959.0
2025-12-29,600036,41.66,41.93,41.42,41.87,68255105.0
2025-12-30,600036,41.9,42.48,41.78,42.28,83478293.0
2025-12-31,600036,42.24,42.33,41.92,42.1,55414239.0
2026-01-05,600036,42.48,42.8,42.27,42.35,84082964.0
2026-01-06,600036,42.45,42.79,42.09,42.73,92371482.0
2026-01-07,600036,42.75,43.02,42.14,42.15,88055952.0
2026-01-08,600036,42.2,42.25,41.3,41.58,111572692.0
2026-01-09,600036,41.54,41.76,41.12,41.3,98547074.0
2026-01-12,600036,41.3,41.43,41.0,41.12,118664058.0
2026-01-13,600036,41.2,41.38,41.03,41.13,115936473.0
2026-01-14,600036,41.13,41.17,40.06,40.07,191774380.0
2026-01-15,600036,40.11,40.42,40.0,40.11,121727094.0
2026-01-16,600036,39.49,39.5,38.65,38.72,152524530.0
2026-01-19,600036,38.73,38.92,38.5,38.55,98870273.0
2026-01-20,600036,38.57,39.13,38.51,38.73,111387322.0
2026-01-21,600036,38.92,38.94,38.18,38.24,121499985.0
2026-01-22,600036,38.27,38.58,37.8,37.85,187754633.0
2026-01-23,600036,37.85,38.17,37.38,37.5,189211273.0
2026-01-26,600036,37.5,38.3,37.31,38.02,216679416.0
2026-01-27,600036,38.06,38.51,37.87,38.1,157240627.0
2026-01-28,600036,38.12,38.44,37.7,37.8,204166688.0
2026-01-29,600036,37.88,38.65,37.55,38.53,199998187.0
2026-01-30,600036,38.53,39.17,38.53,38.67,166084303.0
2026-02-02,600036,38.88,39.3,38.41,38.45,138497888.0
2026-02-03,600036,38.67,38.67,38.14,38.3,84279156.0
2026-02-04,600036,38.3,39.02,38.26,39.01,102131628.0
2026-02-05,600036,38.94,39.92,38.91,39.71,121889452.0
2026-02-06,600036,39.7,39.95,39.31,39.6,80297978.0
2026-02-09,600036,39.6,39.74,39.33,39.48,65894891.0
2026-02-10,600036,39.49,39.56,39.31,39.34,49596465.0
2026-02-11,600036,39.36,39.45,39.2,39.4,52881696.0
2026-02-12,600036,39.4,39.42,38.73,38.99,77752571.0
2026-02-13,600036,38.95,39.09,38.63,38.71,70537032.0
2026-02-24,600036,39.2,39.41,38.82,38.94,75467438.0
2026-02-25,600036,38.9,39.15,38.72,38.78,72397149.0
2026-02-26,600036,38.8,39.02,38.5,38.7,59332534.0
2026-02-27,600036,38.75,38.95,38.64,38.75,63703472.0
2026-03-02,600036,38.6,38.87,38.42,38.67,68547313.0
2026-03-03,600036,38.66,39.55,38.56,39.18,138465642.0
2026-03-04,600036,39.01,39.03,38.01,38.6,115193902.0
2026-03-05,600036,38.66,39.24,38.63,39.15,78336979.0
2026-03-06,600036,39.1,39.32,38.95,39.2,46595667.0
2026-03-09,600036,38.9,39.18,38.75,38.79,76677490.0
2026-03-10,600036,38.94,39.24,38.8,39.22,61371700.0
2026-03-11,600036,39.3,39.5,38.95,39.5,68940710.0
2026-03-12,600036,39.45,39.58,39.33,39.5,52772330.0
2026-03-13,600036,39.46,40.05,39.35,39.76,76527668.0
2026-03-16,600036,39.77,40.04,39.64,39.91,61094451.0
2026-03-17,600036,39.89,40.36,39.83,40.12,65622927.0
2026-03-18,600036,40.13,40.32,39.79,39.92,70583141.0
2026-03-19,600036,39.88,40.04,39.7,39.77,65024684.0
2026-03-20,600036,39.85,40.08,39.66,39.75,61580273.0
2026-03-23,600036,39.58,39.7,38.55,38.68,95773829.0
2026-03-24,600036,38.8,39.32,38.73,39.25,61633642.0
2026-03-25,600036,39.33,39.4,38.94,39.26,65381669.0
2026-03-26,600036,39.15,39.69,39.14,39.56,61679007.0
2025-09-22,600276,70.49,72.7,70.4,71.05,57654243.0
2025-09-23,600276,71.0,71.19,68.5,69.7,56132957.0
2025-09-24,600276,69.7,70.38,69.3,70.11,39530211.0
2025-09-25,600276,72.4,73.08,71.55,72.27,73903918.0
2025-09-26,600276,70.8,71.37,69.23,70.08,69904485.0
2025-09-29,600276,69.79,69.79,67.76,69.2,64799104.0
2025-09-30,600276,69.0,71.58,68.8,71.55,57945078.0
2025-10-09,600276,71.56,71.66,69.11,71.15,59279340.0
2025-10-10,600276,70.38,70.88,67.85,68.2,70610070.0
2025-10-13,600276,66.0,68.03,65.7,66.98,53228709.0
2025-10-14,600276,67.61,67.66,63.7,64.27,70294663.0
2025-10-15,600276,64.2,66.42,63.68,66.4,51123163.0
2025-10-16,600276,66.43,68.5,65.72,66.84,46037757.0
2025-10-17,600276,66.85,67.4,65.0,65.1,34950734.0
2025-10-20,600276,65.99,66.51,64.83,65.13,32671694.0
2025-10-21,600276,65.5,66.58,65.14,66.0,36956031.0
2025-10-22,600276,66.25,66.79,65.01,65.26,39804808.0
2025-10-23,600276,65.01,65.43,64.02,65.14,34278526.0
2025-10-24,600276,65.26,66.36,65.01,65.5,37275277.0
2025-10-27,600276,66.55,67.85,66.51,67.01,50892492.0
2025-10-28,600276,65.22,65.46,63.5,63.62,108208999.0
2025-10-29,600276,63.6,64.48,62.71,64.02,56217455.0
2025-10-30,600276,64.02,64.02,62.87,62.88,60874000.0
2025-10-31,600276,63.36,65.49,63.2,64.15,83706390.0
2025-11-03,600276,64.96,64.99,62.82,63.4,46030561.0
2025-11-04,600276,63.42,63.45,61.55,61.92,51560966.0
2025-11-05,600276,61.3,62.49,61.22,61.96,33438078.0
2025-11-06,600276,61.95,62.5,61.47,62.42,25252395.0
2025-11-07,600276,62.0,62.49,61.5,61.58,27065428.0
2025-11-10,600276,61.57,61.93,60.96,61.83,39624830.0
2025-11-11,600276,61.95,62.2,61.0,61.06,27515998.0
2025-11-12,600276,61.09,62.86,61.09,62.1,51426776.0
2025-11-13,600276,62.69,63.79,62.23,63.56,50831837.0
2025-11-14,600276,63.45,63.9,62.76,62.9,31950414.0
2025-11-17,600276,62.89,63.05,61.41,61.8,31538452.0
2025-11-18,600276,61.61,62.85,61.52,61.78,21910059.0
2025-11-19,600276,61.5,61.78,61.02,61.11,21116242.0
2025-11-20,600276,61.23,61.65,60.54,60.63,25348006.0
2025-11-21,600276,60.33,61.1,59.31,59.5,44733534.0
2025-11-24,600276,60.04,61.1,59.96,60.66,34397324.0
2025-11-25,600276,61.1,61.61,60.53,60.88,26504513.0
2025-11-26,600276,61.5,62.8,61.03,62.36,43986195.0
2025-11-27,600276,62.6,62.96,61.94,62.09,25730763.0
2025-11-28,600276,62.36,62.36,61.61,62.08,20277619.0
2025-12-01,600276,62.08,62.09,61.06,61.94,25483095.0
2025-12-02,600276,61.9,61.9,61.0,61.12,18230614.0
2025-12-03,600276,61.1,61.55,60.7,60.97,19852976.0
2025-12-04,600276,61.01,61.49,60.97,61.25,18040766.0
2025-12-05,600276,61.19,61.79,60.7,61.62,23117615.0
2025-12-08,600276,62.6,63.55,61.92,62.46,50861759.0
2025-12-09,600276,62.32,64.15,62.3,63.08,49359339.0
2025-12-10,600276,63.15,63.56,62.27,63.38,28895961.0
2025-12-11,600276,63.56,63.94,63.11,63.4,24706127.0
2025-12-12,600276,63.28,63.28,62.26,63.28,31562926.0
2025-12-15,600276,62.68,62.68,61.38,61.38,29007220.0
2025-12-16,600276,61.38,61.49,58.68,59.15,52378486.0
2025-12-17,600276,59.35,60.8,59.01,60.3,33041782.0
2025-12-18,600276,60.05,60.57,59.95,60.0,17930929.0
2025-12-19,600276,60.07,61.38,59.91,60.85,28835842.0
2025-12-22,600276,60.81,61.5,60.33,60.93,23670924.0
2025-12-23,600276,60.85,62.56,60.84,61.8,32919095.0
2025-12-24,600276,61.67,62.0,61.08,61.23,25050206.0
2025-12-25,600276,61.22,61.66,61.03,61.4,15518175.0
2025-12-26,600276,61.3,61.66,60.6,61.06,21430781.0
2025-12-29,600276,61.06,61.27,60.41,60.51,28575162.0
2025-12-30,600276,60.4,60.6,59.9,60.18,25330461.0
2025-12-31,600276,60.16,60.36,59.5,59.57,26827896.0
2026-01-05,600276,60.06,63.49,59.99,63.08,85117028.0
2026-01-06,600276,63.36,63.48,62.4,63.06,46352457.0
2026-01-07,600276,63.01,64.8,63.0,63.85,52465173.0
2026-01-08,600276,65.0,65.05,63.03,63.6,44774854.0
2026-01-09,600276,63.58,64.2,62.8,63.78,42635753.0
2026-01-12,600276,64.1,64.3,63.21,63.85,42877019.0
2026-01-13,600276,64.3,65.83,64.05,64.52,74034035.0
2026-01-14,600276,64.55,65.6,63.2,63.61,62925534.0
2026-01-15,600276,63.18,63.83,62.7,63.17,46761236.0
2026-01-16,600276,63.35,63.52,61.66,61.94,52378628.0
2026-01-19,600276,61.8,62.38,60.66,61.12,47389096.0
2026-01-20,600276,61.13,61.65,60.4,60.5,42775492.0
2026-01-21,600276,60.51,60.88,59.86,60.1,54603508.0
2026-01-22,600276,60.36,60.36,59.3,59.44,53706813.0
2026-01-23,600276,59.73,60.27,58.76,58.99,80804300.0
2026-01-26,600276,58.99,59.16,58.05,58.16,72732888.0
2026-01-27,600276,58.39,58.49,57.14,57.2,63725548.0
2026-01-28,600276,57.44,57.8,56.3,56.55,87875043.0
2026-01-29,600276,56.35,58.37,56.08,58.11,113782475.0
2026-01-30,600276,58.0,59.79,57.76,58.16,85204489.0
2026-02-02,600276,57.76,58.33,56.31,56.49,60957998.0
2026-02-03,600276,57.0,57.69,56.5,57.47,49883453.0
2026-02-04,600276,57.3,57.7,56.23,57.6,48924296.0
2026-02-05,600276,57.5,58.47,57.3,58.16,51774555.0
2026-02-06,600276,57.74,58.15,57.24,57.31,36090365.0
2026-02-09,600276,57.75,57.89,57.0,57.45,36611688.0
2026-02-10,600276,57.46,59.04,57.05,58.4,64886069.0
2026-02-11,600276,58.4,59.95,58.35,58.9,57368008.0
2026-02-12,600276,58.6,59.49,58.5,58.74,34868980.0
2026-02-13,600276,58.76,59.05,58.13,58.23,34356810.0
2026-02-24,600276,58.31,58.48,57.72,58.01,33898134.0
2026-02-25,600276,57.98,58.2,57.58,57.86,42157937.0
2026-02-26,600276,57.86,58.1,56.6,56.72,50898707.0
2026-02-27,600276,56.62,57.27,56.3,56.56,36364110.0
2026-03-02,600276,55.58,56.08,54.2,54.54,74206195.0
2026-03-03,600276,54.7,55.33,53.45,53.61,60139910.0
2026-03-04,600276,53.22,53.9,52.67,52.98,47151820.0
2026-03-05,600276,53.41,54.84,53.1,53.72,48485984.0
2026-03-06,600276,53.6,55.67,53.4,55.56,62911930.0
2026-03-09,600276,54.78,55.18,54.05,54.94,42623328.0
2026-03-10,600276,55.3,56.75,55.3,56.55,47360492.0
2026-03-11,600276,56.45,56.55,55.6,55.83,32125928.0
2026-03-12,600276,55.8,56.04,55.23,55.3,26669135.0
2026-03-13,600276,55.3,55.63,54.95,55.11,24416444.0
2026-03-16,600276,55.21,56.05,54.52,55.59,30775144.0
2026-03-17,600276,55.69,57.44,55.38,56.3,50411099.0
2026-03-18,600276,56.26,57.08,56.02,56.88,39379311.0
2026-03-19,600276,56.17,57.03,55.91,56.02,34364651.0
2026-03-20,600276,56.19,56.76,55.05,55.14,34739510.0
2026-03-23,600276,54.18,54.35,52.41,52.78,48770157.0
2026-03-24,600276,53.27,53.74,52.81,53.64,34835504.0
2026-03-25,600276,54.0,54.86,53.84,54.1,41152562.0
2026-03-26,600276,53.28,54.1,51.54,51.63,64941653.0
2025-09-22,600519,1465.09,1467.97,1450.01,1453.35,3494708.0
2025-09-23,600519,1450.5,1457.5,1440.0,1447.42,3866300.0
2025-09-24,600519,1434.07,1456.78,1434.07,1442.0,3074350.0
2025-09-25,600519,1442.83,1445.21,1436.0,1439.0,3386973.0
2025-09-26,600519,1441.18,1447.11,1428.01,1435.0,4512071.0
2025-09-29,600519,1439.38,1469.99,1435.0,1460.86,5368403.0
2025-09-30,600519,1460.0,1460.76,1440.0,1443.99,3936362.0
2025-10-09,600519,1436.0,1439.38,1420.0,1436.78,5491812.0
2025-10-10,600519,1437.6,1439.94,1427.5,1430.0,3600144.0
2025-10-13,600519,1415.7,1422.85,1415.12,1419.2,4606880.0
2025-10-14,600519,1429.99,1464.0,1429.99,1451.02,6667233.0
2025-10-15,600519,1450.98,1463.0,1445.08,1462.0,4278540.0
2025-10-16,600519,1461.92,1484.95,1458.88,1484.91,4573015.0
2025-10-17,600519,1483.1,1488.0,1454.03,1455.0,3808589.0
2025-10-20,600519,1455.0,1469.5,1454.88,1457.93,2594988.0
2025-10-21,600519,1459.0,1469.94,1455.5,1462.26,2544267.0
2025-10-22,600519,1462.08,1465.73,1456.0,1458.7,1819492.0
2025-10-23,600519,1455.0,1468.8,1447.2,1467.98,2932235.0
2025-10-24,600519,1467.95,1478.88,1449.34,1450.0,3822583.0
2025-10-27,600519,1440.0,1452.49,1435.99,1440.41,3710239.0
2025-10-28,600519,1442.0,1451.2,1441.1,1445.0,2712433.0
2025-10-29,600519,1440.02,1446.55,1430.04,1431.9,3393711.0
2025-10-30,600519,1421.81,1436.63,1421.81,1426.74,4745610.0
2025-10-31,600519,1422.0,1435.98,1420.11,1430.01,3569377.0
2025-11-03,600519,1431.0,1448.0,1420.1,1435.0,3454766.0
2025-11-04,600519,1435.1,1435.78,1423.78,1429.0,2656572.0
2025-11-05,600519,1425.89,1430.99,1420.01,1420.08,3447527.0
2025-11-06,600519,1430.0,1441.45,1429.99,1435.13,3834782.0
2025-11-07,600519,1435.11,1439.78,1431.11,1433.33,1886139.0
2025-11-10,600519,1435.0,1463.69,1434.98,1462.3,4945154.0
2025-11-11,600519,1462.0,1462.18,1447.0,1458.99,2669156.0
2025-11-12,600519,1459.98,1478.36,1459.21,1465.15,3299210.0
2025-11-13,600519,1462.12,1473.58,1458.0,1470.38,3117923.0
2025-11-14,600519,1470.0,1478.95,1456.3,1456.6,2747306.0
2025-11-17,600519,1454.0,1473.0,1445.79,1471.0,3446221.0
2025-11-18,600519,1470.7,1486.07,1469.0,1476.0,3420478.0
2025-11-19,600519,1474.0,1479.53,1469.96,1471.01,2204537.0
2025-11-20,600519,1472.0,1479.9,1465.03,1467.11,2400232.0
2025-11-21,600519,1470.5,1480.0,1456.0,1466.6,4260720.0
2025-11-24,600519,1467.0,1471.0,1451.13,1452.0,3360744.0
2025-11-25,600519,1458.0,1458.0,1444.5,1444.65,2844069.0
2025-11-26,600519,1448.88,1453.49,1443.58,1449.15,2030616.0
2025-11-27,600519,1449.5,1450.0,1439.04,1447.3,2228689.0
2025-11-28,600519,1446.5,1455.5,1443.0,1450.5,2321121.0
2025-12-01,600519,1451.0,1462.27,1442.0,1448.0,2733342.0
2025-12-02,600519,1448.0,1451.92,1435.02,1436.03,2504726.0
2025-12-03,600519,1435.81,1435.97,1428.0,1429.1,2357279.0
2025-12-04,600519,1429.1,1432.5,1418.38,1423.98,2907539.0
2025-12-05,600519,1423.98,1433.09,1419.5,1430.01,2540166.0
2025-12-08,600519,1429.2,1436.67,1418.0,1418.22,3360280.0
2025-12-09,600519,1418.23,1421.0,1400.05,1401.01,4263443.0
2025-12-10,600519,1400.0,1402.8,1383.18,1402.8,3313347.0
2025-12-11,600519,1406.66,1411.99,1401.55,1411.99,2238501.0
2025-12-12,600519,1418.0,1425.0,1413.57,1420.65,3715919.0
2025-12-15,600519,1439.59,1439.99,1425.57,1426.0,3335879.0
2025-12-16,600519,1426.2,1428.78,1415.0,1422.0,2396367.0
2025-12-17,600519,1425.0,1439.94,1417.68,1433.1,3138249.0
2025-12-18,600519,1433.5,1438.88,1426.11,1431.0,1782995.0
2025-12-19,600519,1410.0,1412.45,1401.01,1410.0,2650868.0
2025-12-22,600519,1410.0,1414.14,1406.58,1408.26,2042565.0
2025-12-23,600519,1408.26,1412.93,1397.19,1407.86,2450681.0
2025-12-24,600519,1404.99,1406.36,1400.0,1400.9,2518669.0
2025-12-25,600519,1405.0,1419.48,1401.38,1414.17,2338621.0
2025-12-26,600519,1414.17,1419.14,1410.0,1414.13,1780299.0
2025-12-29,600519,1414.13,1414.13,1401.0,1402.0,2630810.0
2025-12-30,600519,1401.0,1401.9,1386.0,1389.72,3379194.0
2025-12-31,600519,1390.0,1394.0,1377.17,1377.18,3476563.0
2026-01-05,600519,1385.0,1431.88,1385.0,1426.0,7094942.0
2026-01-06,600519,1432.55,1436.97,1416.53,1428.01,3958618.0
2026-01-07,600519,1432.88,1435.0,1420.2,1423.36,2968380.0
2026-01-08,600519,1423.33,1423.36,1408.14,1412.3,2913454.0
2026-01-09,600519,1417.0,1428.6,1416.01,1419.1,2984774.0
2026-01-12,600519,1419.1,1431.0,1417.1,1423.23,3608266.0
2026-01-13,600519,1426.79,1429.52,1408.99,1411.0,3916866.0
2026-01-14,600519,1411.0,1422.25,1396.18,1398.01,5175797.0
2026-01-15,600519,1396.02,1402.83,1388.58,1388.89,4090714.0
2026-01-16,600519,1395.0,1397.5,1380.0,1382.0,5512068.0
2026-01-19,600519,1381.9,1387.49,1375.0,1376.0,4228640.0
2026-01-20,600519,1379.5,1381.58,1372.05,1373.55,3648443.0
2026-01-21,600519,1373.56,1374.4,1350.0,1351.06,6451625.0
2026-01-22,600519,1352.01,1361.76,1337.48,1340.06,5901089.0
2026-01-23,600519,1340.1,1348.0,1332.47,1337.0,6194890.0
2026-01-26,600519,1340.51,1355.0,1325.12,1342.0,8016606.0
2026-01-27,600519,1344.98,1353.7,1338.0,1343.01,4841596.0
2026-01-28,600519,1343.04,1346.71,1322.01,1323.69,7621801.0
2026-01-29,600519,1335.0,1445.0,1329.06,1437.72,18953440.0
2026-01-30,600519,1435.0,1435.0,1401.0,1401.0,9447974.0
2026-02-02,600519,1425.0,1458.58,1411.62,1427.0,8572427.0
2026-02-03,600519,1445.0,1476.81,1443.03,1474.92,8632066.0
2026-02-04,600519,1485.0,1533.27,1474.0,1525.0,10912293.0
2026-02-05,600519,1520.0,1565.0,1515.0,1555.0,9162274.0
2026-02-06,600519,1555.0,1568.0,1505.88,1515.01,7896538.0
2026-02-09,600519,1518.0,1542.88,1513.49,1524.96,5116846.0
2026-02-10,600519,1524.97,1524.97,1496.5,1504.8,3957596.0
2026-02-11,600519,1504.8,1514.0,1496.0,1504.33,3092846.0
2026-02-12,600519,1500.2,1502.82,1473.36,1486.6,4624582.0
2026-02-13,600519,1486.6,1507.8,1470.58,1485.3,4167901.0
2026-02-24,600519,1521.0,1524.4,1463.6,1466.8,4191253.0
2026-02-25,600519,1470.0,1509.66,1467.88,1491.66,3688067.0
2026-02-26,600519,1486.6,1489.49,1464.67,1466.21,3295801.0
2026-02-27,600519,1466.99,1476.21,1455.02,1455.02,3216016.0
2026-03-02,600519,1450.0,1457.0,1436.66,1440.11,3545386.0
2026-03-03,600519,1440.1,1452.87,1422.13,1426.19,4589086.0
2026-03-04,600519,1415.0,1423.0,1392.09,1401.18,4801443.0
2026-03-05,600519,1406.0,1412.96,1395.0,1399.04,3050524.0
2026-03-06,600519,1395.0,1407.5,1388.0,1402.0,2915415.0
2026-03-09,600519,1390.0,1404.9,1383.2,1397.0,3744162.0
2026-03-10,600519,1404.9,1409.49,1398.0,1401.88,2462592.0
2026-03-11,600519,1402.99,1405.99,1398.02,1400.0,2445673.0
2026-03-12,600519,1395.0,1403.95,1391.01,1392.0,2758646.0
2026-03-13,600519,1392.48,1417.62,1392.0,1413.64,3360783.0
2026-03-16,600519,1420.0,1466.0,1420.0,1460.18,6008635.0
2026-03-17,600519,1468.0,1498.07,1461.19,1485.0,4945361.0
2026-03-18,600519,1489.0,1496.5,1463.15,1468.8,3555100.0
2026-03-19,600519,1472.96,1473.0,1446.0,1452.87,3031859.0
2026-03-20,600519,1452.96,1462.5,1439.0,1445.0,2613234.0
2026-03-23,600519,1433.33,1435.0,1400.03,1408.07,4725589.0
2026-03-24,600519,1416.0,1417.59,1400.18,1407.33,2856179.0
2026-03-25,600519,1410.11,1417.87,1401.01,1410.27,2609346.0
2026-03-26,600519,1409.0,1413.9,1400.3,1401.18,2309289.0
2025-09-22,600900,27.1,27.25,27.02,27.12,69683094.0
2025-09-23,600900,27.12,27.39,27.03,27.32,87247325.0
2025-09-24,600900,27.28,27.53,27.24,27.25,87441299.0
2025-09-25,600900,27.21,27.33,27.08,27.29,63429258.0
2025-09-26,600900,27.3,27.55,27.24,27.47,79408706.0
2025-09-29,600900,27.43,27.5,27.19,27.3,92703100.0
2025-09-30,600900,27.35,27.36,27.21,27.25,61882774.0
2025-10-09,600900,27.21,27.7,27.15,27.68,113249909.0
2025-10-10,600900,27.65,27.79,27.51,27.73,71260502.0
2025-10-13,600900,27.7,27.9,27.4,27.79,117498220.0
2025-10-14,600900,27.74,28.01,27.55,27.99,136669904.0
2025-10-15,600900,27.98,28.15,27.77,27.93,92632329.0
2025-10-16,600900,27.85,28.17,27.84,28.16,93973494.0
2025-10-17,600900,28.13,28.38,28.06,28.11,114702154.0
2025-10-20,600900,28.12,28.15,27.75,28.05,91423076.0
2025-10-21,600900,28.0,28.1,27.85,27.91,80163574.0
2025-10-22,600900,27.89,28.08,27.85,28.04,61918968.0
2025-10-23,600900,28.04,28.27,28.04,28.23,78558809.0
2025-10-24,600900,28.21,28.29,28.08,28.19,77060006.0
2025-10-27,600900,28.14,28.56,28.02,28.3,124842635.0
2025-10-28,600900,28.26,28.54,28.26,28.46,73263565.0
2025-10-29,600900,28.46,28.46,28.26,28.29,74054303.0
2025-10-30,600900,28.29,28.56,28.19,28.47,86717376.0
2025-10-31,600900,28.46,28.46,27.93,28.1,118470229.0
2025-11-03,600900,28.11,28.35,28.11,28.31,61378322.0
2025-11-04,600900,28.31,28.69,28.28,28.6,104942889.0
2025-11-05,600900,28.63,28.69,28.4,28.42,68579115.0
2025-11-06,600900,28.39,28.6,28.36,28.5,67392832.0
2025-11-07,600900,28.51,28.64,28.43,28.52,55141784.0
2025-11-10,600900,28.52,28.59,28.39,28.53,49334459.0
2025-11-11,600900,28.53,28.72,28.47,28.62,62517578.0
2025-11-12,600900,28.7,28.88,28.61,28.61,62970497.0
2025-11-13,600900,28.62,28.73,28.26,28.44,101232804.0
2025-11-14,600900,28.44,28.71,28.34,28.34,74762518.0
2025-11-17,600900,28.37,28.43,28.03,28.16,72559643.0
2025-11-18,600900,28.16,28.34,28.08,28.15,59013698.0
2025-11-19,600900,28.15,28.33,28.11,28.23,48159761.0
2025-11-20,600900,28.18,28.32,28.05,28.14,57611235.0
2025-11-21,600900,28.17,28.27,28.07,28.16,91994150.0
2025-11-24,600900,28.18,28.2,27.92,28.19,97179569.0
2025-11-25,600900,28.19,28.2,27.83,28.03,92985419.0
2025-11-26,600900,28.03,28.12,27.9,27.94,66273278.0
2025-11-27,600900,27.93,28.14,27.78,28.09,76869286.0
2025-11-28,600900,28.01,28.07,27.95,27.98,59018067.0
2025-12-01,600900,28.05,28.15,27.99,28.07,58252394.0
2025-12-02,600900,28.03,28.27,28.02,28.26,74877962.0
2025-12-03,600900,28.25,28.36,28.21,28.27,44559966.0
2025-12-04,600900,28.3,28.32,28.17,28.24,37996706.0
2025-12-05,600900,28.24,28.24,28.02,28.07,54497550.0
2025-12-08,600900,28.07,28.1,27.86,27.87,75426506.0
2025-12-09,600900,27.93,28.04,27.9,27.97,51230207.0
2025-12-10,600900,27.93,28.07,27.85,27.89,58538954.0
2025-12-11,600900,27.92,27.94,27.75,27.86,69563624.0
2025-12-12,600900,27.85,28.05,27.81,28.04,89870832.0
2025-12-15,600900,27.99,28.15,27.96,28.04,53946613.0
2025-12-16,600900,28.06,28.08,27.82,27.97,67907746.0
2025-12-17,600900,27.93,28.0,27.84,27.92,59243613.0
2025-12-18,600900,27.92,28.09,27.89,28.08,46419794.0
2025-12-19,600900,28.03,28.08,27.82,27.85,79999314.0
2025-12-22,600900,27.84,27.86,27.5,27.54,156403393.0
2025-12-23,600900,27.5,27.74,27.48,27.72,70945112.0
2025-12-24,600900,27.71,27.71,27.55,27.64,49994280.0
2025-12-25,600900,27.63,27.68,27.57,27.64,30080576.0
2025-12-26,600900,27.61,27.67,27.52,27.64,48259339.0
2025-12-29,600900,27.64,27.64,27.5,27.52,68903336.0
2025-12-30,600900,27.5,27.5,27.32,27.32,72424700.0
2025-12-31,600900,27.35,27.37,27.17,27.19,74293024.0
2026-01-05,600900,27.2,27.31,27.1,27.28,76569131.0
2026-01-06,600900,27.3,27.44,27.24,27.44,73843681.0
2026-01-07,600900,27.44,27.45,27.22,27.23,72170195.0
2026-01-08,600900,27.23,27.3,27.19,27.26,47057275.0
2026-01-09,600900,27.27,27.29,27.18,27.29,62903453.0
2026-01-12,600900,27.29,27.45,27.22,27.4,78435554.0
2026-01-13,600900,27.45,27.57,27.32,27.36,78538492.0
2026-01-14,600900,27.45,27.54,26.8,26.81,292750088.0
2026-01-15,600900,26.98,27.01,26.77,26.82,125927447.0
2026-01-16,600900,26.88,27.03,26.44,26.52,238854630.0
2026-01-19,600900,26.61,26.92,26.6,26.8,104721813.0
2026-01-20,600900,26.8,26.94,26.73,26.88,105003377.0
2026-01-21,600900,26.89,26.9,26.55,26.58,116328162.0
2026-01-22,600900,26.58,26.72,26.3,26.31,180784966.0
2026-01-23,600900,26.36,26.42,25.96,26.0,210691513.0
2026-01-26,600900,26.05,26.28,25.86,25.98,202869796.0
2026-01-27,600900,25.98,26.14,25.86,25.93,131381483.0
2026-01-28,600900,25.93,25.94,25.61,25.65,232649760.0
2026-01-29,600900,25.65,26.2,25.38,26.03,261623032.0
2026-01-30,600900,26.04,26.57,26.04,26.36,223849239.0
2026-02-02,600900,26.49,26.55,26.09,26.14,124225665.0
2026-02-03,600900,26.2,26.23,25.91,26.0,88543815.0
2026-02-04,600900,25.97,26.39,25.95,26.38,95705181.0
2026-02-05,600900,26.42,26.69,26.35,26.6,103244750.0
2026-02-06,600900,26.6,26.77,26.38,26.52,72562680.0
2026-02-09,600900,26.53,26.57,26.28,26.46,67829125.0
2026-02-10,600900,26.46,26.6,26.37,26.57,55920101.0
2026-02-11,600900,26.58,26.59,26.41,26.48,53388246.0
2026-02-12,600900,26.27,26.3,26.05,26.12,73734237.0
2026-02-13,600900,26.13,26.18,25.95,26.0,71554068.0
2026-02-24,600900,26.13,26.16,25.98,26.05,73078939.0
2026-02-25,600900,26.08,26.2,25.95,25.97,95620954.0
2026-02-26,600900,25.98,26.09,25.93,26.04,61977169.0
2026-02-27,600900,26.05,26.18,26.02,26.04,91903782.0
2026-03-02,600900,26.12,26.65,26.12,26.57,181772888.0
2026-03-03,600900,26.57,27.1,26.53,26.97,214554653.0
2026-03-04,600900,26.8,27.19,26.52,27.09,175735443.0
2026-03-05,600900,26.98,27.24,26.84,27.08,132914871.0
2026-03-06,600900,27.06,27.15,26.98,27.14,87836924.0
2026-03-09,600900,27.16,27.63,27.09,27.2,207502799.0
2026-03-10,600900,27.01,27.24,26.73,27.15,119285715.0
2026-03-11,600900,27.15,27.31,26.95,27.3,89744546.0
2026-03-12,600900,27.32,27.5,27.16,27.5,107896209.0
2026-03-13,600900,27.5,27.63,27.35,27.42,94277629.0
2026-03-16,600900,27.42,27.5,27.24,27.36,87203787.0
2026-03-17,600900,27.32,27.57,27.28,27.49,85028895.0
2026-03-18,600900,27.48,27.65,27.24,27.29,80028992.0
2026-03-19,600900,27.27,27.48,27.2,27.26,101525781.0
2026-03-20,600900,27.26,27.39,27.02,27.18,84555509.0
2026-03-23,600900,27.07,27.26,26.66,26.74,175727130.0
2026-03-24,600900,26.9,27.13,26.72,27.1,91076718.0
2026-03-25,600900,27.15,27.27,26.92,27.21,86054505.0
2026-03-26,600900,27.19,27.45,27.1,27.31,84501370.0
2025-09-22,601012,16.9,16.91,16.43,16.6,106842351.0
2025-09-23,601012,16.55,16.7,16.07,16.29,103434227.0
2025-09-24,601012,16.28,17.4,16.18,17.4,180419126.0
2025-09-25,601012,17.38,18.05,17.23,17.76,226022677.0
2025-09-26,601012,17.65,17.83,17.48,17.5,96418760.0
2025-09-29,601012,17.48,17.7,17.39,17.58,117091910.0
2025-09-30,601012,17.59,18.05,17.46,18.0,169237697.0
2025-10-09,601012,18.05,19.11,17.87,18.88,275340655.0
2025-10-10,601012,18.97,19.22,18.26,18.4,188872474.0
2025-10-13,601012,17.65,18.29,17.63,18.13,157447206.0
2025-10-14,601012,18.4,19.94,18.4,19.28,556940097.0
2025-10-15,601012,19.27,20.24,18.84,19.72,461251232.0
2025-10-16,601012,19.65,20.35,19.51,20.25,356063887.0
2025-10-17,601012,20.09,20.74,19.52,19.7,339417902.0
2025-10-20,601012,19.65,19.67,18.92,19.06,218274742.0
2025-10-21,601012,19.08,19.26,18.93,19.01,140583302.0
2025-10-22,601012,19.17,19.39,18.72,18.77,137123602.0
2025-10-23,601012,18.65,19.11,18.38,19.04,174756453.0
2025-10-24,601012,19.05,19.48,18.69,18.84,142630836.0
2025-10-27,601012,19.0,19.38,18.87,19.06,164710636.0
2025-10-28,601012,19.19,19.22,18.76,18.9,116418558.0
2025-10-29,601012,18.9,20.79,18.81,20.79,390006627.0
2025-10-30,601012,21.01,22.14,21.0,21.51,492543812.0
2025-10-31,601012,21.41,22.24,21.0,21.11,319061395.0
2025-11-03,601012,21.37,21.88,21.2,21.76,289819163.0
2025-11-04,601012,21.78,21.93,21.18,21.35,195737981.0
2025-11-05,601012,21.01,22.52,20.73,21.85,330328825.0
2025-11-06,601012,21.85,22.16,21.42,21.77,221645802.0
2025-11-07,601012,21.64,23.3,21.64,22.43,422335016.0
2025-11-10,601012,22.88,23.57,22.6,22.8,403103509.0
2025-11-11,601012,22.8,23.09,22.41,22.44,280837054.0
2025-11-12,601012,22.3,22.3,20.22,20.79,522345318.0
2025-11-13,601012,20.8,21.64,20.69,21.3,321939600.0
2025-11-14,601012,21.0,23.11,20.8,21.88,404831662.0
2025-11-17,601012,22.0,22.1,21.26,21.69,231245721.0
2025-11-18,601012,21.54,21.88,21.01,21.15,173462373.0
2025-11-19,601012,21.15,21.44,20.64,21.2,196251424.0
2025-11-20,601012,21.2,21.3,20.0,20.1,233883865.0
2025-11-21,601012,19.7,19.9,18.81,18.84,287123974.0
2025-11-24,601012,19.02,19.09,18.51,18.76,161506415.0
2025-11-25,601012,18.91,19.23,18.8,18.98,137779698.0
2025-11-26,601012,19.12,19.2,18.7,18.81,147489566.0
2025-11-27,601012,18.76,19.07,18.52,18.58,157044053.0
2025-11-28,601012,18.49,18.72,18.35,18.57,125989153.0
2025-12-01,601012,18.7,18.85,18.5,18.75,127434712.0
2025-12-02,601012,18.65,18.66,18.25,18.31,126276537.0
2025-12-03,601012,18.3,18.34,17.98,18.02,112054210.0
2025-12-04,601012,17.87,18.03,17.8,17.91,86869694.0
2025-12-05,601012,17.92,18.07,17.81,18.02,102873797.0
2025-12-08,601012,17.99,18.17,17.9,18.08,108315049.0
2025-12-09,601012,18.06,18.26,17.9,18.2,150069026.0
2025-12-10,601012,18.29,18.54,17.8,18.2,171883421.0
2025-12-11,601012,18.16,18.26,17.86,17.88,100935567.0
2025-12-12,601012,17.95,18.25,17.86,18.19,129753760.0
2025-12-15,601012,18.15,18.37,17.96,18.0,120415202.0
2025-12-16,601012,17.99,17.99,17.3,17.46,133384102.0
2025-12-17,601012,17.49,17.82,17.44,17.78,91202372.0
2025-12-18,601012,17.7,17.9,17.61,17.7,69934436.0
2025-12-19,601012,17.71,18.41,17.71,18.08,138915627.0
2025-12-22,601012,18.09,18.28,18.09,18.11,90095066.0
2025-12-23,601012,18.12,18.18,17.92,18.02,85374901.0
2025-12-24,601012,17.94,18.23,17.77,18.13,87031250.0
2025-12-25,601012,18.04,18.31,17.95,18.27,95561755.0
2025-12-26,601012,18.84,19.33,18.7,19.02,275273234.0
2025-12-29,601012,19.03,19.18,18.61,18.7,152993339.0
2025-12-30,601012,18.55,18.75,18.4,18.44,98250988.0
2025-12-31,601012,18.42,18.54,18.17,18.2,102076729.0
2026-01-05,601012,18.43,18.5,18.23,18.49,106353240.0
2026-01-06,601012,18.49,18.88,18.45,18.83,147992462.0
2026-01-07,601012,18.83,18.85,18.56,18.65,147104468.0
2026-01-08,601012,18.53,18.93,18.39,18.77,153637712.0
2026-01-09,601012,18.61,18.77,18.28,18.39,229018741.0
2026-01-12,601012,18.1,19.45,18.02,19.23,364382289.0
2026-01-13,601012,19.23,19.23,18.42,18.5,278558180.0
2026-01-14,601012,18.43,19.07,18.37,18.59,255312684.0
2026-01-15,601012,18.5,18.99,18.4,18.5,160109424.0
2026-01-16,601012,18.61,18.95,18.47,18.73,194850570.0
2026-01-19,601012,18.4,18.59,17.8,18.32,228742554.0
2026-01-20,601012,18.23,18.39,17.3,17.38,316555022.0
2026-01-21,601012,17.31,17.47,17.1,17.22,153578284.0
2026-01-22,601012,17.2,17.93,17.15,17.59,191560397.0
2026-01-23,601012,17.61,19.35,17.61,19.35,498597065.0
2026-01-26,601012,19.83,20.05,18.98,19.09,536787523.0
2026-01-27,601012,18.8,19.39,18.36,19.2,386428304.0
2026-01-28,601012,19.16,19.44,18.8,18.82,258433969.0
2026-01-29,601012,18.68,19.3,18.6,18.77,275455171.0
2026-01-30,601012,18.58,18.82,17.71,17.88,291651273.0
2026-02-02,601012,18.16,18.25,17.61,17.64,171096790.0
2026-02-03,601012,17.83,18.58,17.83,18.57,283126265.0
2026-02-04,601012,18.4,19.44,18.3,19.31,409458710.0
2026-02-05,601012,19.01,19.01,18.16,18.23,325825007.0
2026-02-06,601012,18.05,18.67,18.0,18.36,211197425.0
2026-02-09,601012,18.78,19.75,18.74,19.18,428820049.0
2026-02-10,601012,19.0,19.28,18.77,18.81,226249434.0
2026-02-11,601012,18.8,18.99,18.55,18.59,158110407.0
2026-02-12,601012,18.59,18.65,18.4,18.49,142980786.0
2026-02-13,601012,18.4,18.44,18.1,18.13,148402387.0
2026-02-24,601012,18.35,18.43,18.19,18.28,130471940.0
2026-02-25,601012,18.32,18.62,18.29,18.57,142362468.0
2026-02-26,601012,18.54,18.54,18.16,18.27,135456546.0
2026-02-27,601012,18.17,18.5,18.16,18.32,115607932.0
2026-03-02,601012,17.97,18.55,17.9,18.12,163628686.0
2026-03-03,601012,18.2,18.73,17.9,17.99,227733841.0
2026-03-04,601012,17.61,18.06,17.58,17.66,155940111.0
2026-03-05,601012,17.93,18.0,17.71,17.76,119452315.0
2026-03-06,601012,17.76,18.08,17.58,18.0,120323418.0
2026-03-09,601012,18.01,18.49,17.92,18.39,206275509.0
2026-03-10,601012,18.25,18.62,18.1,18.56,182834037.0
2026-03-11,601012,18.55,18.95,18.39,18.79,231193577.0
2026-03-12,601012,18.74,19.07,18.46,18.94,250082130.0
2026-03-13,601012,18.92,19.47,18.78,18.87,341948340.0
2026-03-16,601012,18.95,19.19,18.61,18.68,201316284.0
2026-03-17,601012,18.77,19.43,18.76,18.79,271053214.0
2026-03-18,601012,18.76,18.97,18.29,18.54,183500858.0
2026-03-19,601012,18.35,18.79,18.31,18.52,171859699.0
2026-03-20,601012,18.5,19.6,18.42,18.99,446958792.0
2026-03-23,601012,19.05,19.4,18.69,18.81,402690738.0
2026-03-24,601012,18.94,19.2,17.77,19.04,390051589.0
2026-03-25,601012,18.81,19.18,18.73,18.89,263203670.0
2026-03-26,601012,18.89,19.06,18.31,18.37,245895227.0
2025-09-22,601318,55.37,55.65,55.0,55.15,37443768.0
2025-09-23,601318,55.03,55.79,54.74,55.02,61296096.0
2025-09-24,601318,55.29,55.75,54.95,55.29,50317433.0
2025-09-25,601318,55.28,55.39,55.03,55.09,51429616.0
2025-09-26,601318,55.02,55.55,54.66,55.22,54862187.0
2025-09-29,601318,55.18,57.32,55.03,56.01,103510992.0
2025-09-30,601318,55.8,56.2,55.0,55.11,76708187.0
2025-10-09,601318,55.04,55.28,54.25,55.04,82406748.0
2025-10-10,601318,54.73,55.97,54.73,55.54,64146532.0
2025-10-13,601318,54.51,55.33,54.51,55.1,60965598.0
2025-10-14,601318,55.58,56.68,55.52,56.48,102294025.0
2025-10-15,601318,56.48,57.97,56.3,57.81,83704628.0
2025-10-16,601318,57.68,58.58,57.61,58.02,68147820.0
2025-10-17,601318,58.0,58.48,57.17,57.28,67749281.0
2025-10-20,601318,58.33,58.57,57.45,57.9,52669469.0
2025-10-21,601318,57.93,58.92,57.93,58.08,76220049.0
2025-10-22,601318,58.0,58.5,57.93,58.21,37989266.0
2025-10-23,601318,58.22,58.87,58.09,58.75,50350104.0
2025-10-24,601318,58.14,58.49,57.75,57.88,55824170.0
2025-10-27,601318,58.0,58.39,57.5,57.75,68500438.0
2025-10-28,601318,57.79,58.23,57.62,57.76,49130508.0
2025-10-29,601318,58.6,59.7,58.49,58.95,104443161.0
2025-10-30,601318,59.3,60.1,58.58,58.65,74571283.0
2025-10-31,601318,58.99,58.99,57.8,57.83,57254154.0
2025-11-03,601318,58.27,58.7,57.86,58.31,41143033.0
2025-11-04,601318,58.35,59.13,58.2,58.94,51812600.0
2025-11-05,601318,58.4,58.84,57.92,58.32,40215785.0
2025-11-06,601318,58.35,59.28,58.34,58.9,54734599.0
2025-11-07,601318,58.78,59.15,58.66,58.89,37191041.0
2025-11-10,601318,58.85,59.4,58.44,59.3,52948721.0
2025-11-11,601318,59.3,59.5,58.81,59.2,36250376.0
2025-11-12,601318,59.3,60.79,59.3,60.03,149024584.0
2025-11-13,601318,60.29,61.38,60.29,60.88,89018699.0
2025-11-14,601318,60.85,62.27,60.65,60.65,75274101.0
2025-11-17,601318,60.69,61.0,59.46,59.83,56019716.0
2025-11-18,601318,59.67,60.15,59.48,59.62,44571218.0
2025-11-19,601318,59.8,61.12,59.71,60.37,70586509.0
2025-11-20,601318,60.6,61.15,60.03,60.2,39449064.0
2025-11-21,601318,60.0,60.1,58.88,58.91,68557969.0
2025-11-24,601318,59.16,59.2,58.35,58.4,53470919.0
2025-11-25,601318,58.68,59.82,58.23,59.47,48777097.0
2025-11-26,601318,59.66,60.22,59.32,59.78,43469273.0
2025-11-27,601318,59.5,59.73,58.7,59.34,50570087.0
2025-11-28,601318,59.21,59.29,58.51,58.99,43355814.0
2025-12-01,601318,58.91,59.18,58.41,58.63,44580406.0
2025-12-02,601318,58.8,59.4,58.45,58.8,37383734.0
2025-12-03,601318,58.75,59.02,58.15,58.35,33549447.0
2025-12-04,601318,58.35,58.55,58.21,58.55,21766366.0
2025-12-05,601318,58.65,62.2,58.55,61.99,137794827.0
2025-12-08,601318,62.04,63.8,62.0,63.4,102997868.0
2025-12-09,601318,63.4,63.69,62.42,62.45,48373102.0
2025-12-10,601318,62.66,63.06,62.13,62.55,44882218.0
2025-12-11,601318,62.8,63.36,62.17,62.53,47796340.0
2025-12-12,601318,62.56,64.09,62.41,63.91,109176025.0
2025-12-15,601318,63.68,67.44,63.52,67.08,154664260.0
2025-12-16,601318,66.71,68.11,66.16,67.0,105682134.0
2025-12-17,601318,67.05,68.63,66.65,68.05,96211778.0
2025-12-18,601318,67.88,68.58,67.59,68.5,56360590.0
2025-12-19,601318,68.15,68.78,67.6,68.75,63847643.0
2025-12-22,601318,68.7,69.27,68.2,68.54,55694201.0
2025-12-23,601318,68.56,70.24,68.35,69.49,76571991.0
2025-12-24,601318,69.17,69.38,68.35,69.03,51131950.0
2025-12-25,601318,69.0,71.98,68.98,70.8,77789813.0
2025-12-26,601318,70.44,71.96,70.43,71.16,65701677.0
2025-12-29,601318,71.0,71.66,69.79,69.88,65566518.0
2025-12-30,601318,69.75,70.23,68.39,68.8,104667372.0
2025-12-31,601318,68.78,69.23,68.15,68.4,45806869.0
2026-01-05,601318,69.2,73.0,69.2,72.36,122883100.0
2026-01-06,601318,72.4,74.88,72.4,74.32,146851648.0
2026-01-07,601318,73.89,74.7,73.29,73.45,91969506.0
2026-01-08,601318,73.37,73.4,69.66,70.38,168539173.0
2026-01-09,601318,70.6,71.28,68.24,69.0,206334825.0
2026-01-12,601318,68.9,69.0,67.22,67.55,185166118.0
2026-01-13,601318,67.8,69.98,67.78,68.2,150215050.0
2026-01-14,601318,68.35,68.93,66.82,67.0,143110900.0
2026-01-15,601318,66.9,68.38,66.69,67.41,106661426.0
2026-01-16,601318,67.6,67.94,65.8,66.33,135609994.0
2026-01-19,601318,66.28,66.95,65.91,66.3,83868106.0
2026-01-20,601318,66.35,67.77,66.11,66.6,98849999.0
2026-01-21,601318,66.64,67.18,65.65,65.85,93540213.0
2026-01-22,601318,66.13,66.58,64.52,64.8,114392226.0
2026-01-23,601318,65.2,65.48,63.66,63.9,140769883.0
2026-01-26,601318,64.0,66.25,63.77,64.14,201384596.0
2026-01-27,601318,64.31,66.35,64.27,65.31,150884105.0
2026-01-28,601318,65.87,66.05,64.43,64.75,199285418.0
2026-01-29,601318,65.03,68.03,64.53,68.0,275571332.0
2026-01-30,601318,68.01,68.69,66.39,66.75,160322836.0
2026-02-02,601318,66.35,68.33,65.73,66.02,135454854.0
2026-02-03,601318,66.9,67.4,65.62,66.58,103322505.0
2026-02-04,601318,66.45,67.45,66.23,67.4,87740307.0
2026-02-05,601318,67.17,67.99,66.16,67.35,90819121.0
2026-02-06,601318,66.88,67.61,66.42,66.9,74927488.0
2026-02-09,601318,67.45,69.1,67.11,68.7,102123690.0
2026-02-10,601318,68.71,68.8,67.8,68.19,54873478.0
2026-02-11,601318,68.25,68.68,67.06,67.5,61803197.0
2026-02-12,601318,67.6,67.68,66.35,66.54,64637155.0
2026-02-13,601318,66.15,66.35,65.06,65.29,84077184.0
2026-02-24,601318,65.77,66.25,64.37,64.5,80005314.0
2026-02-25,601318,64.7,65.74,64.7,65.05,68355572.0
2026-02-26,601318,65.5,65.53,63.29,63.5,103614642.0
2026-02-27,601318,63.6,63.74,63.06,63.09,63301213.0
2026-03-02,601318,62.41,63.11,61.7,62.35,101086184.0
2026-03-03,601318,62.45,63.72,61.93,62.57,109553470.0
2026-03-04,601318,62.2,62.56,60.65,61.79,100813361.0
2026-03-05,601318,62.01,62.72,61.8,62.08,54636541.0
2026-03-06,601318,61.79,63.35,61.66,62.67,57463292.0
2026-03-09,601318,61.44,61.52,60.01,61.4,93036823.0
2026-03-10,601318,61.86,62.38,61.72,62.09,46218362.0
2026-03-11,601318,62.09,62.91,61.8,62.55,51727048.0
2026-03-12,601318,62.15,62.43,61.22,61.6,66854186.0
2026-03-13,601318,61.37,61.87,61.08,61.2,45804107.0
2026-03-16,601318,61.2,61.36,60.1,60.48,81859571.0
2026-03-17,601318,60.59,62.8,60.58,61.84,90184988.0
2026-03-18,601318,61.87,62.32,61.5,61.89,49047083.0
2026-03-19,601318,61.2,61.29,60.4,60.62,68472203.0
2026-03-20,601318,60.8,60.9,59.7,59.74,62076703.0
2026-03-23,601318,58.9,59.0,57.24,57.47,125382261.0
2026-03-24,601318,58.0,58.34,57.5,58.12,68186982.0
2026-03-25,601318,58.5,59.36,58.42,58.79,56238854.0
2026-03-26,601318,58.78,58.78,56.53,56.8,101189634.0
2025-09-22,601899,25.5,25.56,24.85,25.37,194423251.0
2025-09-23,601899,25.6,26.38,25.25,25.82,276108202.0
2025-09-24,601899,25.82,25.93,25.49,25.93,168002837.0
2025-09-25,601899,26.9,27.64,26.69,27.27,395322724.0
2025-09-26,601899,27.1,28.36,26.91,27.4,282057194.0
2025-09-29,601899,27.7,28.86,27.53,28.77,399793958.0
2025-09-30,601899,29.57,29.88,28.74,29.44,385888298.0
2025-10-09,601899,31.22,32.38,30.77,32.38,509343384.0
2025-10-10,601899,31.5,32.0,30.35,30.87,466020625.0
2025-10-13,601899,30.05,31.65,29.88,31.3,417573019.0
2025-10-14,601899,32.4,32.65,29.15,29.5,539236050.0
2025-10-15,601899,29.96,31.2,29.38,30.98,365641142.0
2025-10-16,601899,30.99,31.37,30.06,30.47,289900966.0
2025-10-17,601899,31.12,31.3,30.03,30.17,304443734.0
2025-10-20,601899,29.4,30.29,29.0,29.75,297341006.0
2025-10-21,601899,30.4,30.78,29.81,30.05,261648588.0
2025-10-22,601899,28.19,29.6,28.19,29.45,315355482.0
2025-10-23,601899,29.03,29.93,28.56,29.7,246528306.0
2025-10-24,601899,30.05,30.3,29.76,30.03,186969778.0
2025-10-27,601899,30.12,31.3,30.12,31.0,290246620.0
2025-10-28,601899,30.5,30.79,29.81,29.84,264245245.0
2025-10-29,601899,30.05,31.05,30.01,30.96,211650959.0
2025-10-30,601899,30.78,31.6,30.62,31.11,276672292.0
2025-10-31,601899,31.11,31.29,30.45,30.5,174923110.0
2025-11-03,601899,30.11,30.33,28.87,30.0,236191270.0
2025-11-04,601899,29.5,29.78,28.6,28.78,268031747.0
2025-11-05,601899,27.92,29.25,27.82,29.01,215461356.0
2025-11-06,601899,29.01,29.8,28.92,29.7,178969843.0
2025-11-07,601899,29.69,30.25,29.62,30.17,149756654.0
2025-11-10,601899,30.8,30.95,29.88,30.17,188511170.0
2025-11-11,601899,30.57,30.68,29.5,29.62,166437726.0
2025-11-12,601899,29.62,30.06,29.15,29.49,136428812.0
2025-11-13,601899,29.8,31.12,29.71,30.72,280933594.0
2025-11-14,601899,30.1,30.43,29.82,30.02,166166770.0
2025-11-17,601899,29.73,29.92,28.86,28.98,215994374.0
2025-11-18,601899,28.7,28.95,28.21,28.39,173339754.0
2025-11-19,601899,28.74,29.55,28.7,29.34,192184477.0
2025-11-20,601899,29.4,29.68,28.9,28.97,133141833.0
2025-11-21,601899,28.47,28.86,28.0,28.14,188729249.0
2025-11-24,601899,28.44,28.5,27.63,28.0,170834281.0
2025-11-25,601899,28.47,28.88,28.41,28.51,147447601.0
2025-11-26,601899,28.66,28.77,28.35,28.43,159012608.0
2025-11-27,601899,28.8,29.2,28.5,28.6,163629659.0
2025-11-28,601899,28.79,29.09,28.4,28.58,197543456.0
2025-12-01,601899,29.5,30.67,29.4,30.06,360052973.0
2025-12-02,601899,29.9,29.98,29.45,29.74,154872515.0
2025-12-03,601899,29.85,30.26,29.72,29.97,191128690.0
2025-12-04,601899,30.84,31.38,30.53,30.69,272859568.0
2025-12-05,601899,30.59,31.49,30.47,31.32,233471095.0
2025-12-08,601899,31.4,31.6,30.94,31.5,206802386.0
2025-12-09,601899,31.18,31.23,30.18,30.4,199092649.0
2025-12-10,601899,30.6,30.85,30.2,30.75,117020933.0
2025-12-11,601899,31.2,31.95,30.75,30.96,240772514.0
2025-12-12,601899,31.67,31.8,31.35,31.7,221174285.0
2025-12-15,601899,31.26,31.88,31.06,31.41,169135179.0
2025-12-16,601899,31.02,31.22,30.12,30.32,158390333.0
2025-12-17,601899,30.55,31.19,30.4,30.87,176971055.0
2025-12-18,601899,30.83,31.35,30.65,30.97,138009297.0
2025-12-19,601899,30.84,31.38,30.41,31.12,165672924.0
2025-12-22,601899,31.69,32.78,31.64,32.53,244513190.0
2025-12-23,601899,33.06,33.1,31.9,32.09,270289444.0
2025-12-24,601899,32.54,32.65,31.99,32.31,192710736.0
2025-12-25,601899,31.99,32.14,31.83,32.03,127456719.0
2025-12-26,601899,32.6,33.77,32.55,33.53,286198912.0
2025-12-29,601899,34.16,34.3,32.58,32.65,357553987.0
2025-12-30,601899,31.55,33.48,31.53,33.42,243802377.0
2025-12-31,601899,33.48,35.36,33.39,34.47,341188218.0
2026-01-05,601899,35.3,35.64,34.27,35.4,310393547.0
2026-01-06,601899,36.0,37.7,35.95,37.6,356727240.0
2026-01-07,601899,37.6,37.7,36.38,36.72,357303577.0
2026-01-08,601899,36.2,37.01,35.79,36.3,241558498.0
2026-01-09,601899,36.0,37.67,35.98,37.22,280579041.0
2026-01-12,601899,38.22,38.38,37.03,37.26,296496371.0
2026-01-13,601899,37.4,38.9,37.3,38.24,310778171.0
2026-01-14,601899,38.61,39.85,38.36,38.5,425650213.0
2026-01-15,601899,38.26,39.44,37.7,38.25,386081844.0
2026-01-16,601899,38.32,39.11,37.06,37.47,394777811.0
2026-01-19,601899,37.62,37.78,36.5,37.26,253275235.0
2026-01-20,601899,37.26,37.77,36.21,37.31,307457067.0
2026-01-21,601899,37.76,38.48,37.36,38.13,389167286.0
2026-01-22,601899,37.5,37.88,37.08,37.66,273949936.0
2026-01-23,601899,38.39,38.5,37.35,37.56,386296331.0
2026-01-26,601899,38.74,40.48,38.73,39.5,663514398.0
2026-01-27,601899,40.23,42.68,39.68,40.61,728498239.0
2026-01-28,601899,41.4,42.58,40.6,42.3,652283303.0
2026-01-29,601899,43.79,44.94,41.31,43.45,772867209.0
2026-01-30,601899,41.2,42.36,39.12,40.14,670344076.0
2026-02-02,601899,36.87,38.73,36.27,36.61,714043570.0
2026-02-03,601899,37.84,38.95,37.08,38.81,476610292.0
2026-02-04,601899,39.5,39.99,38.68,39.16,326736566.0
2026-02-05,601899,38.13,38.5,36.57,37.45,358373108.0
2026-02-06,601899,35.55,37.82,35.5,37.19,327774843.0
2026-02-09,601899,38.49,38.88,38.03,38.63,263947637.0
2026-02-10,601899,38.98,39.4,38.52,38.81,199657082.0
2026-02-11,601899,38.6,39.79,38.57,39.48,222867441.0
2026-02-12,601899,39.57,40.43,39.49,39.75,235575945.0
2026-02-13,601899,38.26,39.04,37.69,37.78,338033354.0
2026-02-24,601899,39.49,39.65,38.98,39.32,246745985.0
2026-02-25,601899,39.4,40.26,38.86,39.63,289709530.0
2026-02-26,601899,39.89,39.96,38.94,39.37,199066355.0
2026-02-27,601899,39.2,40.05,39.01,39.55,242060189.0
2026-03-02,601899,40.4,40.9,39.1,40.77,477513379.0
2026-03-03,601899,40.35,40.35,38.66,38.86,414093799.0
2026-03-04,601899,37.7,38.89,37.48,37.96,312570216.0
2026-03-05,601899,38.46,38.48,37.2,37.67,260659922.0
2026-03-06,601899,37.01,37.48,36.24,37.1,253947012.0
2026-03-09,601899,35.93,36.67,34.86,36.4,390629022.0
2026-03-10,601899,36.98,37.54,36.8,37.13,201312398.0
2026-03-11,601899,37.5,37.64,37.04,37.24,148131269.0
2026-03-12,601899,36.79,37.16,36.35,36.75,189113008.0
2026-03-13,601899,36.2,36.94,35.6,35.77,247120530.0
2026-03-16,601899,35.04,35.17,33.6,34.75,420731337.0
2026-03-17,601899,34.73,35.55,34.67,34.9,225377550.0
2026-03-18,601899,34.74,35.0,34.35,34.92,199024835.0
2026-03-19,601899,33.25,33.9,32.12,32.32,527935447.0
2026-03-20,601899,32.2,32.85,31.43,31.65,385034283.0
2026-03-23,601899,30.21,31.34,29.8,30.58,493304305.0
2026-03-24,601899,31.25,32.38,30.91,32.2,457264529.0
2026-03-25,601899,33.5,33.98,33.09,33.24,410615187.0
2026-03-26,601899,33.1,33.24,31.83,32.09,305047347.0
